Haber İsmi,Kategori
"Bahçeşehir Koleji, Manisa Basket'e takılmadı!",Basketbol_Sporları
Fenerbahçe Opet deplasmanda 25 sayı fark attı!,Basketbol_Sporları
"Karşıyaka, Darüşşafaka Lassa'yı 101 sayıyla geçti!",Basketbol_Sporları
"Dilara Tongar, Melikgazi Kayseri Basketbol'da!",Basketbol_Sporları
"Real Madrid'in yıldızı Vinicius Jr, EuroLeague'de Fenerbahçe maçını izledi!",Basketbol_Sporları
"Anadolu Efes, EuroLeague'de Zalgiris'e kaybetti!",Basketbol_Sporları
LeBron James'e eski takımından 41 sayı fark,Basketbol_Sporları
"TOFAŞ, Avrupa Kupası'na galibiyetle başladı!",Basketbol_Sporları
Alperen Şengün'ün çabası Rockets'a yetmedi! NBA Kupası'nda finalin adı belli oldu,Basketbol_Sporları
TOFAŞ'ın serisini Fenerbahçe Beko bitirdi!,Basketbol_Sporları
Fenerbahçe Beko - TOFAŞ maçından kareler,Basketbol_Sporları
"Aliağa Petkimspor, Karşıyaka'yı mağlup etti!",Basketbol_Sporları
"Mersin Spor, Türk Telekom'u farklı geçti!",Basketbol_Sporları
Ergin Ataman: Bugün berbat bir basketbol oynadık!,Basketbol_Sporları
Tomislav Mijatovic: Hedeflediğimiz noktalara ulaşmalıyız!,Basketbol_Sporları
"Anadolu Efes, Panathinaikos'u farklı geçti!",Basketbol_Sporları
"Galatasaray, Bursaspor Yörsan deplasmanında galip!",Basketbol_Sporları
Anadolu Efes - Panathinaikos maçından kareler,Basketbol_Sporları
TBF Disiplin Kurulu'ndan Fenerbahçe Opet'e para cezası!,Basketbol_Sporları
NBA'de Miami Heat 4'te 4 yaptı,Basketbol_Sporları
NBA ve FIFA'dan çılgın proje! Fenerbahçe Beko'ya teklif,Basketbol_Sporları
Sarunas Jasikevicius: Asla bahane kabul edilemez!,Basketbol_Sporları
"Fenerbahçe Beko, Monaco'ya farklı mağlup oldu!",Basketbol_Sporları
Fenerbahçe Beko - Monaco maçından kareler,Basketbol_Sporları
"Fenerbahçe Opet, USK Prag'ı mağlup etti!",Basketbol_Sporları
Anadolu Efes'in konuğu Ergin Ataman'ın takımı Panathinaikos,Basketbol_Sporları
Basketbol Süper Ligi'nde haftanın MVP’si Errick McCollum,Basketbol_Sporları
Beşiktaş Fibabanka'dan Bahçeşehir Koleji galibiyeti!,Basketbol_Sporları
Galatasaray Çağdaş Faktoring'ten Kızılyıldız zaferi!,Basketbol_Sporları
"Galatasaray, Yalovaspor engeline takılmadı!",Basketbol_Sporları
TOFAŞ hem Türkiye hem de Avrupa'da namağlup!,Basketbol_Sporları
"NBA'de Alperen Şengün double-double yaptı, Houston Rockets kazandı!",Basketbol_Sporları
Haber İsmi,Kategori
Financial Times Esad'ın Moskova ihanetini yazdı: Her uçakta 10 milyon dolar,Dünya
İran'ın Şam Büyükelçisi: Büyükelçiliğimiz yakında faaliyetine başlayacaktır,Dünya
ABD'de görülen gizemli dronlar nedeniyle 2 kişi gözaltına alındı,Dünya
Suriye'deki M5 Karayolu araç hurdalığına döndü,Dünya
İlkine gitmedi! Güney Kore'de görevden uzaklaştırılan Yoon ikinci defa ifadeye çağrıldı,Dünya
Katar’ın Şam Büyükelçiliği salı günü faaliyetlerine başlayacak,Dünya
Güney Kore'de iktidar partisi lideri istifa etti,Dünya
"Güney Kore Anayasa Mahkemesi, Yoon için toplanacak",Dünya
"İsrail, Suriye'nin Lazkiye ve Tartus illerine hava saldırıları düzenledi",Dünya
"İsrail Dublin büyükelçiliğini kapattı, İrlanda'dan yanıt geldi",Dünya
İşte Suriye'nin yeniden inşası için gereken para! Hayat normale dönüyor,Dünya
SON DAKİKA! İsrail ile Esad rejimi arasında gizli işbirliği! Belgeler ortaya çıktı,Dünya
İngiltere'nin HTŞ ile diplomatik temas kurduğu açıklandı,Dünya
İsrail'den Golan Tepeleri kararı! Yerleşimlerini genişletme planına onay,Dünya
Netanyahu ve Gallant hakkında tutuklama kararı verilmişti! İsrail resmen itirazda bulundu,Dünya
Mahir Esad'ın captagon fabrikası ifşa oldu!,Dünya
Güney Kore Devlet Başkanı ifade vermeye gitmedi!,Dünya
Esad'ın cehenneminde 21 yıl! 'Türk arkadaşım açlıktan öldü',Dünya
"BM Suriye Özel Temsilcisi, Esad rejiminin devrilmesinin ardından ilk kez Şam'a gitti",Dünya
Gazze'de can kaybı 44 bin 976'ya yükseldi,Dünya
Esad'ın B planı deşifre oldu! Milyar dolarlık imparatorluğu için küresel av başladı,Dünya
Şam’da korkunç görüntüler: Toplu mezar ortaya çıktı,Dünya
Zulmün simgesi Esad heykelleri postallar altında!,Dünya
"İsrail, Suriye'nin güneyinde 3 köyü daha işgal etti",Dünya
Özgürlük şarkılarıyla ilk ders! Suriye'de Esad sonrası eğitim-öğretim dönemi başladı,Dünya
"ABD'nin ulusal kanalı, Trump'a 15 milyon dolar tazminat ödeyecek",Dünya
Golani’den PKK/PYG’ye net uyarı: Suriye’deki silahlı grupları dağıtacağız,Dünya
Şam’da kayısı zamanı değil,Dünya
"Gürültü, okuma güçlüğü yaratıyor",Dünya
Kelebeklerle kumrular yok olabilir,Dünya
Esma Esad cehennemin First Lady’sine nasıl dönüştü? Çölün ‘gülü’ diken oldu,Dünya
Türk Bayrağı 12 yıl sonra Şam’da,Dünya
Trump kazandı: ABD ulusal kanalı tazminat ödemeyi kabul etti,Dünya
Girdaptan çıktı... Dünyanın en büyük buz dağı harekete geçti,Dünya
"Türkiye'nin Şam Büyükelçiliği faaliyetlerine başladı, ilk görüntüler geldi",Dünya
Son dakika... Dışişleri Bakanı Hakan Fidan Ürdün'deki Suriye zirvesinde,Dünya
Güney Kore Devlet Başkanı Yoon görevden uzaklaştırıldı,Dünya
Blinken'ın sürpriz Irak ziyaretinin şifrelerini ABD'li yetkili verdi,Dünya
Son dakika... Şam büyükelçiliğine Türk bayrağı çekildi!,Dünya
ABD gizemli İHA'ları konuşuyor: İran mı? Uzaylılar mı?,Dünya
"Gürcistan cumhurbaşkanını belirliyor, tek aday eski futbolcu Kavelaşvili",Dünya
"Suriye'deki Rus üslerinden yeni uydu görüntüleri, ABD'li General: 'Büyük bir çekilme'",Dünya
Ölümü seyretmek için para ödüyorlar! Fotoğraf çektirmek uğruna soykırım hattına yolculuk,Dünya
Az uyuyanlar dikkat! Gecede altı saat uyku kabusunuz olabilir,Dünya
PKK ile DAEŞ hakim olmamalı,Dünya
Emevi Camii’nde Esad’sız ilk cuma,Dünya
150 milyon çocuğun nüfus kaydı yok,Dünya
Kaşığı sallayalım kuru fasulyeye,Dünya
‘Saf sapiens’im’ deme karışığız!,Dünya
Esad’ın uyuşturucu tesisi! 5 milyar dolarlık karanlık gelir,Dünya
Haber İsmi,Kategori
"Le Monde, TIMSS sonuçları için Fransız eğitim sistemini eleştirdi",Eğitim
Üniversiteyi 34 yıl sonra kazandı! 3 ay içerisinde şehir değiştirip iş buldu,Eğitim
29 yaşındaki Melek öğretmenin azmi hayran bıraktı,Eğitim
Öğrencilere sanal eğitim asistanı,Eğitim
Bakan Tekin'den okul öncesi eğitim mesajı,Eğitim
Bilim meraklısı çocuklar İzmir’de buluştu,Eğitim
Hataylı gençlere eğitim ve spor desteği,Eğitim
Türkiye’deki üniversiteler yurtdışında program açabilecek,Eğitim
Okul servislerine yeni kurallar,Eğitim
Şiddet katman katman ilerliyor,Eğitim
Çevreyi kirletene af yok! 1 milyar 110 milyon lira ceza kesildi,Eğitim
Akran zorbalığına İskandinav modeli,Eğitim
20 yıl sonra Melek öğretmene büyük sürpriz! 'Onur verici',Eğitim
"Eksi netle üniversiteli oldular! Diyaliz, fizyoterapi, Türk Dili ve Edebiyatı kazananlar bile var",Eğitim
"Tek yumurta üçüzleri Nehir, Yağmur ve Deniz! İşte en büyük hayalleri...",Eğitim
Fabrika gibi okul! Öğretmen ve öğrencilere 6 milyon TL dağıtılıyor,Eğitim
"Bu ailede herkes öğretmen! Amca, baba, 5 çocuğu ve 5 gelini...",Eğitim
300 erkek öğrenci arasında tek kız öğrenci: Şakaları bile farklı oluyor,Eğitim
7 yaşında Türkiye'nin Da Vinci'si: İnanılmaz bir yeteneğe sahip,Eğitim
Üniversiteler arasında iş birliği protokolü imzalandı,Eğitim
Kayseri Cumhuriyet Başsavcılığı ile iki üniversite arasında protokol imzalandı,Eğitim
Öğrenciler dikkat! İki aylık burs ve kredi ödemeleri başladı,Eğitim
9 günlük ara tatilin ardından okullarda ders zili yarın çalacak,Eğitim
75 yaşındaki emekli mühendisin eğitim aşkı! Kocaeli-İstanbul arasında 6 saatlik yolculuk,Eğitim
Erzurum’da Maarif Kongresi düzenlenecek,Eğitim
Köylerde meraklı sınıflar kurulacak,Eğitim
İki üniversite istihdam lideri,Eğitim
Akademi Giriş Sınavı 13 Temmuz’da,Eğitim
Bakan Tekin: Mülakatla 1100 öğretmenin sıralaması değişt,Eğitim
YÖK Başkanı Özvar: Hedefimiz Türkiye'yi küresel etkiye sahip bir araştırma merkezi haline getirmektir,Eğitim
"Korkarak geldi, ağlayarak döndü: Ailem beni hangi cesaretle böyle bir köye bırakıp gitti",Eğitim
Türkiye’den Kongo’ya mesleki eğitim desteği,Eğitim
2024-YKS spor bilimleri için ÖZYES ek yerleştirme sonuçları açıklandı,Eğitim
Bakan Tekin: Sanatçı yetiştirme sürecinde sorumluluğumuzun farkındayız,Eğitim
Rehabilitasyon merkezlerine biyometrik kimlik doğrulama geliyor,Eğitim
Akdeniz Üniversitesi URAP sıralamasında yükseldi,Eğitim
Bezmialem’de leptin hormonu sempozyumu,Eğitim
"Ara tatil başladı, okul turlarında firmaya dikkat!",Eğitim
Göbeklitepelilerin atası: Çakmaktepeliler,Eğitim
Ara tatil için dengeli program,Eğitim
2024-KPSS’de sonuçlar yeniden değerlendirildi,Eğitim
"YÖK Başkanı Prof. Dr. Özvar, Kayseri’ye geliyor",Eğitim
LGS 15 Haziran’da yapılacak,Eğitim
Okullarda yaşam becerileri öğretilecek,Eğitim
15 yılda 1500 gence ulaştı,Eğitim
Kızılay Sokağı’na 20 bin çocuk ziyaretçi,Eğitim
Doğayla iç içe ders,Eğitim
Türkiye’ye ‘Nitelikli’ araştırmacı ilgisi! Yurt dışından 192 araştırmacı,Eğitim
"Milli Eğitim Bakanı Tekin, ÖSYM Başkanı Ersoy'u kabul etti",Eğitim
Türkiye’nin ilk sektör içi mesleki eğitim merkezi açılıyor,Eğitim
Haber İsmi,Kategori
Fed gelecek yıl faiz indirim döngüsünde vites küçültebilir,Ekonomi
Hizmet üretim endeksi azaldı,Ekonomi
Ücretli çalışan sayısında artış,Ekonomi
Kripto para yatırımı olanlar dikkat: Bitcoin rekor tazeledi,Ekonomi
Yılın 11 ayında otomotiv üretimi yüzde 8 azaldı,Ekonomi
Son dakika: Asgari ücrette ikinci randevu: İşte masadaki rakam!,Ekonomi
Asgari ücret için ekonomik veri masada! İkinci toplantı sonrası pazarlık başlayacak,Ekonomi
Bakan Işıkhan: Dengeli çözüm arayışımız var,Ekonomi
Kış turizminde yüksek potansiyel,Ekonomi
Global pazarlar için işbirliği,Ekonomi
7.1 milyon içeriği ihlal gerekçesiyle kaldırdı,Ekonomi
Hayata dokunan harita,Ekonomi
İstanbul’da ilham İspanya’da veda! 71 yaşında hayatını kaybetti,Ekonomi
Asgari Ücret Tespit Komisyonu Çalışma ve Sosyal Güvenlik Bakanlığı’nın ev sahipliğinde toplanıyor,Ekonomi
"Haluk Görgün, Bayraktar TB2'nin 1 milyon uçuş saatine ulaşmasını kutladı",Ekonomi
TUSAŞ Genel Müdürü Akşit: Son 20 yılda müthiş bir atılım yaptık,Ekonomi
"Türkiye, sermaye piyasası otoritelerinin üst düzey yöneticilerini ağırlayacak",Ekonomi
Bakan Kurum duyurdu! 1331 personel alımı yapılacak,Ekonomi
Dağlardan topluyorlar! Kilosu 150 TL: 'Bu iş geçim kaynağım oldu',Ekonomi
"Bakan Bayraktar: Teröre asla geçit vermeyeceğiz, bölünmüşlüğe asla düşmeyeceğiz",Ekonomi
"Türkiye'nin otobüs, minibüs ve midibüs ihracatında yıl bitmeden rekor geldi",Ekonomi
"SSB Başkanı Görgün, Gelibolu Tarihi Alanı ziyaret etti",Ekonomi
Hamsi fiyatına rağmen yoğun ilgi gördü,Ekonomi
İsrail ile ticaretin durdurulmasıyla ilgili Bakanlıktan açıklama,Ekonomi
Maliye'den fiyat artıran firmalara inceleme! Bakan Şimşek: Fırsat vermeyeceğiz,Ekonomi
Aile ve Sosyal Hizmetler ile Milli Eğitim Bakanlıklarının bütçe görüşmeleri başladı,Ekonomi
Türkiye'den Kırgızistan'a rekor ihracat,Ekonomi
Avrupa'nın uçuş lideri İstanbul Havalimanı! Bakan Uraloğlu açıkladı,Ekonomi
Hazine yarın iki ihale gerçekleştirecek,Ekonomi
Suriyeli'den satılık araç! Oto pazarlarına akın ettiler,Ekonomi
Asgari ücrette ikinci toplantı için geri sayım! İşte konuşulan zam oranı,Ekonomi
Sürdürülebilirlik notu yüksek,Ekonomi
Mandalina fiyatı yerli muzu geçti,Ekonomi
İklim değişikliğiyle tarımsal mücadele,Ekonomi
Son dakika: Bakan Yumaklı duyurdu! 2025 yılında zorunlu olacak,Ekonomi
Bakan Işıkhan'dan Meclis'te son dakika asgari ücret açıklaması,Ekonomi
Bakan Bayraktar: 250 personel alacağız,Ekonomi
Ticaret Bakanı Ömer Bolat: Kişi başına milli gelirimiz 15 bin dolara yükselecek,Ekonomi
"Çevre, Şehircilik ve İklim Değişikliği Bakanlığı'ndan 'imar hakkı aktarımı' açıklaması",Ekonomi
"'Devletin kayıt dışı ile mücadelesini destekledik, UTTS'de uzlaşıyı sağladık'",Ekonomi
Bakan Ersoy: 55 milyon ziyaretçi ağırladık,Ekonomi
Demiryollarıyla 256 milyon yolcu taşındı,Ekonomi
THK Başkanı açıkladı: Yeniden yapılanma süreci 100'üncü yılında tamamlanacak,Ekonomi
Milli banliyö treninde geri sayım!,Ekonomi
SPK'den izinsiz kripto para borsalarına erişim engelinde ilk karar,Ekonomi
'Tayland menşeli kauçuk iplik ithalatında dampinge karşı önlem sürecek',Ekonomi
TESK Başkanı Palandöken'den SGK primi açıklaması,Ekonomi
Nükleer tesislerde uygulanacak para cezaları arttı,Ekonomi
Resmi Gazete'de yayımlandı: Hazine ve Maliye Bakanlığı personel alacak,Ekonomi
Ev sahibi ve kiracılar dikkat! İstanbul’un lüks semtinde 9 bin 565 TL ödüyordu: Mahkemeden indirim kararı,Ekonomi
Haber İsmi,Kategori
Serdal Adalı: İtibar kaybı çok büyük | Hüseyin Yücel: Akatlar projesi borcu öder,Futbol_Sporları
Arda Güler'in performansı dünyanın gündeminde!,Futbol_Sporları
Nihat Kahveci'den Nesyri iddiası ve kırmızı kart yorumu: Adama niye kafa attın?,Futbol_Sporları
Galatasaray'da Okan Buruk'tan Osimhen kararı!,Futbol_Sporları
"Paris Saint Germain, Olimpik Lyon'u 3 golle devirdi!",Futbol_Sporları
Joao Mario: Kendimi tamamen Beşiktaş'a adadım!,Futbol_Sporları
"Tottenham, Southampton'ı deplasmanda 5 golle geçti!",Futbol_Sporları
"Chelsea, Brentford karşısında 2 golle galip!",Futbol_Sporları
Galatasaray'dan Trabzonspor'un golüne tepki!,Futbol_Sporları
Trabzonspor'da Uğurcan Çakır ve Batista Mendy tartıştı!,Futbol_Sporları
"Galatasaray, Trabzonspor'u 90+8'de devirdi! İnanılmaz maçta 7 gol ve 1 penaltı",Futbol_Sporları
TFF'den Adana Demirsporlu Maestro'ya başsağlığı mesajı!,Futbol_Sporları
Galatasaray'da Roland Sallai cezalı duruma düştü!,Futbol_Sporları
Galatasaray - Trabzonspor maçında tartışmalı kararlar! Gol öncesi top çizgiyi geçti mi?,Futbol_Sporları
Trabzonspor'dan Galatasaray maçında sarı kart tepkisi!,Futbol_Sporları
Beşiktaş'ta Hasan Arat paylaşımı silindi!,Futbol_Sporları
Mustafa Dalcı: Benim için gerçekten normaldi!,Futbol_Sporları
Hüseyin Yücel: Sorumlularının hesap vermesi gerekiyor!,Futbol_Sporları
Serdar Topraktepe: Camiamdan ve taraftarımdan özür diliyorum!,Futbol_Sporları
Deniz Eren Dönmezer: Küçüklüğümden beri böyle maçların hayalini kurdum!,Futbol_Sporları
Mert Günok: Burada olmaya yüzüm yok!,Futbol_Sporları
Salih Uçan: İçeriden bazı şeylere şahit oluyoruz!,Futbol_Sporları
Galatasaray - Trabzonspor maçından kareler,Futbol_Sporları
"Beşiktaş, Adana Demirspor'a mağlup! 3 gollü maçta kırmızı kart çıktı",Futbol_Sporları
Sivasspor'da Ömer Erdoğan dönemi başladı!,Futbol_Sporları
Beşiktaşlı futbolcular taraftarlardan özür diledi! Maç bitmeden sürpriz çağrı,Futbol_Sporları
Maestro'ya Beşiktaş maçının devre arasında acı haber! Kardeşi vefat etti,Futbol_Sporları
Adana Demirspor - Beşiktaş maçından kareler,Futbol_Sporları
Veysel Bilen: Umarım her şey istediğimiz gibi olur!,Futbol_Sporları
1. Lig'de Sakaryaspor düşme hattından kurtulamıyor!,Futbol_Sporları
Gaziantep FK'da 52 Orduspor FK maçı mesaisi başladı!,Futbol_Sporları
"Alanyaspor, Amedspor maçına hazır!",Futbol_Sporları
Haber İsmi,Kategori
"Çocuklar hem suçlu hem mağdur! MİLLİYET, akran zorbalığını yine gündeme taşıyor",Gazete
Asgari ücret için ekonomik veri masada! İkinci toplantı sonrası pazarlık başlayacak,Gazete
Bakan Işıkhan: Dengeli çözüm arayışımız var,Gazete
Kış turizminde yüksek potansiyel,Gazete
Kadın ‘tekno’ girişimcilere tam destek,Gazete
7.1 milyon içeriği ihlal gerekçesiyle kaldırdı,Gazete
Hayata dokunan harita,Gazete
ABD’deki sağlık sistemini de ‘vurdu’,Gazete
Kuşkan’ı ağlatan mesaj!,Gazete
‘Akkor’u sahnede kutladı,Gazete
‘Herkes haddini ve yerini bilsin’,Gazete
‘Şiddete maruz kalıyorum’,Gazete
Heykel deneyimi,Gazete
İlk görüntüler yayınlandı!,Gazete
İstanbul’da ilham İspanya’da veda! 71 yaşında hayatını kaybetti,Gazete
Galatasaray'da Okan Buruk'tan Osimhen kararı!,Gazete
Hastaneye kaldırıldı,Gazete
Ankaralı Turgut hayatını kaybetti,Gazete
Tırnaktaki ağrı tümör sinyali mi?,Gazete
Beşar Esad giderayak Türkiye’yi İran’a şikâyet etmiş,Gazete
Roma’daki Göbeklitepe’ye rekor ziyaretçi,Gazete
‘Hepimizin şarkıları’,Gazete
Sanata destek için buluştular,Gazete
İşte Suriye'nin yeniden inşası için gereken para! Hayat normale dönüyor,Gazete
Aile ve Sosyal Hizmetler Bakanı Göktaş'tan İstanbul Sözleşmesi açıklaması,Gazete
Kerem Bürsin ilişkisi hakkında ilk kez konuştu! 'Allah'a şükürler olsun',Gazete
Fenerbahçe'de galibiyet kenetlenmesi! Mourinho ve kaptanlar devrede,Gazete
Beşiktaş'ta Gedson Fernandes'in yerine Oxlade Chamberlain!,Gazete
Dursun Özbek: Kimse Galatasaray'ın karşısında duramaz!,Gazete
Trabzonspor'da Galatasaray maçı öncesi savunma krizi!,Gazete
"İspanya'da gündem belli! 'Arda Güler mi, Lewandowski mi'",Gazete
Kılıç kuşanan Dünya Kupası! Suudi Arabistan yatırımların karşılığını aldı,Gazete
Serhan Acar yazdı: Hıza ve heyecana doyduk!,Gazete
Venedik’e giriş bedeli artıyor,Gazete
Halay her sorunu çözer mi?,Gazete
1923’ten 2023’e kasedi geri saralım,Gazete
‘Ecelsiz ölümlerin yası ömür boyu tutulur’,Gazete
"Adalet yoktur, sadece sınırlar vardır",Gazete
Gökhan Türkmen’den kopuza modern yorum,Gazete
Moğol tarzı rock,Gazete
Yıla ‘minyatürler’le veda,Gazete
Bir yanda İspanyol ateşi bir yanda ay yürüyüşü,Gazete
‘Baas kaybedince CHP de mi kaybetti?’,Gazete
CHP’den yeni Suriye stratejisi,Gazete
‘Haydarpaşa ve Sirkeci kültür ve sanat vadisi olacak’,Gazete
İstanbul’da 19 şube ve 20 ilçe emniyet müdürünün yeri değişti,Gazete
Siber şiddetin kaynağı... Sosyal medya,Gazete
Üniversiteler cezaevlerini dönüştürecek,Gazete
Bilim Kurulu aşı retlerini araştıracak,Gazete
Sürdürülebilirlik notu yüksek,Gazete
Mandalina fiyatı yerli muzu geçti,Gazete
İklim değişikliğiyle tarımsal mücadele,Gazete
YETEV Başkanı Bilal Erdoğan: Eğitimde aşağılık kompleksi geride kaldı,Gazete
Golani’den PKK/PYG’ye net uyarı: Suriye’deki silahlı grupları dağıtacağız,Gazete
Şam’da kayısı zamanı değil,Gazete
"Gürültü, okuma güçlüğü yaratıyor",Gazete
Kelebeklerle kumrular yok olabilir,Gazete
‘Artık şarkı bulmak zorlaştı’,Gazete
Fragmanıyla gündem oldu,Gazete
‘Böyle adamlara korku önemli’,Gazete
Dokuz ay sonra ilk poz,Gazete
Kaleli’nin Roma şıklığı,Gazete
Sam ve Paydaş’tan erken kutlama,Gazete
‘Tekrar çamurun içine döndü’,Gazete
Cihan’ın seçimi tansiyonu yükseltecek,Gazete
Destek için perde açtılar,Gazete
Ergüçlü Sundance yolcusu,Gazete
Esma Esad cehennemin First Lady’sine nasıl dönüştü? Çölün ‘gülü’ diken oldu,Gazete
Türk Bayrağı 12 yıl sonra Şam’da,Gazete
‘9-13 Aralık’ta 7 bin 621 Suriyeli döndü’,Gazete
Haber İsmi,Kategori
"Devrim Özkan, Galatasaray taraftarlarını kızdırdı! Lucas Torreira ile ayrılığı sonrası yorum yağdı",Magazin
Survivor 2025 için bomba iddia! Yarışacak isimler belli oldu... Barış Murat Yağcı sürprizi,Magazin
Usta sanatçıya veda! Cenazede gözyaşları sel oldu,Magazin
Öykü Gürman'dan kardeşiyle hakkında çıkan iddialara yanıt!,Magazin
"Zeyd Gümüştutan kimdir, kaç yaşında? Kısmetse Olur Zeyd Gümüştutan öldü mü?",Magazin
Son dakika... Ankaralı Turgut'a veda! Son yolculuğuna uğurlandı,Magazin
Devrim Özkan'ın hamlesinden sonra Galatasaray'ın yıldızı Lucas Torreira'dan dikkat çeken hareket,Magazin
"Tanyeli, hastane odasından paylaştı! 'Kalbimde gonca gülü solmayan Zara'",Magazin
"Alya, Sadakat'ten şikayetçi olacak mı?",Magazin
Annem Ankara'dan yeni fragman! Nazan Zuhal'i vurdu,Magazin
Şeyma Subaşı'nın cesur pozları olay oldu! Paylaşımı dikkat çekti,Magazin
İşte Ferdi Tayfur'un sağlık durumunda son gelişme! Başhekim açıklama yaptı,Magazin
‘Şiddete maruz kalıyorum’,Magazin
Heykel deneyimi,Magazin
İlk görüntüler yayınlandı!,Magazin
Sanata destek için buluştular,Magazin
Masterchef'ten elenen Alper'den veda paylaşımı! 'Özür dilerim',Magazin
Son dakika: Hadise 2024 bitmeden bombayı patlattı! Sinan Akçıl'dan yanıt gecikmedi,Magazin
Hadise ve Sinan Akçıl neden ayrıldı? 2009 ve 2010'a vuran poster ve aşk,Magazin
Masterchef'ten bir kişi daha elendi! Büyük talihsizlik: Gözyaşlarına boğuldu,Magazin
"Masterchef'te milyonların önünde sevgilisine aşkını haykırdı! Masterchef Alper Öztamur kimdir, nereli?",Magazin
Uzun zamandır paylaşım yapmıyordu! Devrim Özkan ve Lucas Torreira arasında flaş gelişme,Magazin
Yasemin Şefkatli aşka geldi! Eşi İdo Tatlıses'i ve sevimli ikizlerini kırmızı kalp emojisiyle paylaştı,Magazin
Gökçe Bahadır'ın eşi Emir Ersoy'dan 'çocuk' açıklaması! 'Allah isteyen herkese nasip etsin',Magazin
Gökçe Bahadır'ın eşi Emir Ersoy'dan 'çocuk' açıklaması! 'Allah isteyen herkese nasip etsin',Magazin
Ebru Şallı ateş püskürdü! Uğur Akkuş ile ilgili her şeyi açıkladı,Magazin
Son dakika... Ferdi Tayfur hastaneye kaldırıldı! İşte ilk görüntü,Magazin
Son dakika... Ankaralı Turgut hayatını kaybetti! Cenaze detayları belli oldu,Magazin
Hadise'nin dansı olay oldu! Merdivenlere yattı,Magazin
Uzak Şehir'in Alya'sı Sinem Ünsal'dan açıklama! Diziyle ilgili ipucu verdi,Magazin
"Mauro Icardi, Wanda Nara hakkında sert konuştu! 'Çamurun içine döndü'",Magazin
Kadir İnanır’ın sağlık durumuyla ilgili son dakika gelişmesi! Jülide Kural açıkladı,Magazin
Dünyaca ünlü müzisyen hayranlarını endişelendirdi! Hastalığını ilk kez açıkladı,Magazin
"Selda Bağcan, hakkında çıkan 'entübe' haberlerine isyan etti! 'El insaf'",Magazin
Kerem Bürsin ilişkisi hakkında ilk kez konuştu! 'Allah'a şükürler olsun',Magazin
‘Artık şarkı bulmak zorlaştı’,Magazin
‘Böyle adamlara korku önemli’,Magazin
Dokuz ay sonra ilk poz,Magazin
Kaleli’nin Roma şıklığı,Magazin
Sam ve Paydaş’tan erken kutlama,Magazin
‘Tekrar çamurun içine döndü’,Magazin
Cihan’ın seçimi tansiyonu yükseltecek,Magazin
Destek için perde açtılar,Magazin
Ergüçlü Sundance yolcusu,Magazin
Masterchef'te son eleme adayı belli oldu! Kıran kırana mücadele,Magazin
Yasemin Şefkatli'den doğum günü paylaşımı! 'Can babalar',Magazin
Ünlü oyuncu İpek Tuzcuoğlu'nun acı günü! 'Ben yoğun bakımda vedalaştım',Magazin
Uğur Akkuş - Ebru Şallı boşanma iddialarında yeni gelişme! Nerede oldukları ortaya çıktı,Magazin
Ünlü yıldız Liam Payne'nin ölümünde yeni gelişme! Bilgisayar detayı ilk kez ortaya çıktı,Magazin
Defne Samyeli yakın arkadaşı Özlem Cankurtaran'a veda mesajı! 'Çok erken',Magazin
Simge Sağın 2025 dileğini açıkladı! 'Bir tek eksik var',Magazin
Salih Güney'den 'jigolo' isyanı! 'Wikipedia ucuz şeyler peşinde',Magazin
İşte Birce Akalay'ın 19 yıl önceki hali! Sosyal medyaya damga vurdu,Magazin
Ünlülerin 2024'e damga vuran evlilik teklifleri! Kimi canlı yayını tercih etti kimi Londra'yı...,Magazin
Kadir İnanır'ın sağlık durumunda son dakika gelişmesi! Yakın arkadaşı paylaştı,Magazin
Dünyaca ünlü müzisyen hastalığını ilk kez açıkladı,Magazin
'Çilli Bom' ile tanınıyordu! Bir dönemin efsanesi Kenan Küçüközcan hayatını kaybetti! Kimsesizler mezarlığına gömüldü,Magazin
Safiye Soyman'ın paylaşımı olay oldu! Abartılı photoshop sonrası bakın ne hale geldi,Magazin
Uzak Şehir'in yeni bölüm fragmanı olay oldu! Cihan ile Alya evlenebilecek mi?,Magazin
"Hülya Avşar, Helin Avşar ile ilgili son noktayı koydu! 'Leyla ile biz büyüttük onu'",Magazin
Uzak Şehir'in yeni bölüm fragmanı olay oldu! Cihan ile Alya evlenebilecek mi?,Magazin
"Hülya Avşar, Helin Avşar ile ilgili son noktayı koydu! 'Leyla ile biz büyüttük onu'",Magazin
Berk Oktay 20 kilo almıştı! Eşi Yıldız Çağrı Atiksoy'dan yorum: Eşim yani...,Magazin
Yüzüğünü göstermeye doyamadı! Selena Gomez'den bir paylaşım daha,Magazin
Yasmin Erbil'den aşk hayatıyla ilgili itiraf gibi açıklama! 'Biliyor',Magazin
Simay Barlas ve sevgilisinden yeni paylaşım! Kalp koymayı ihmal etmedi,Magazin
‘Herkesin ailesinde bir Vahide var!’,Magazin
Bu kez güldürecek,Magazin
Üçüncü sıradan giriş yaptı,Magazin
‘Sardunyalar’la döndü,Magazin
Antalya’da 80’lere yolculuk,Magazin
Dilber’in gözü karardı!,Magazin
Kahkaha garantili hafta sonu,Magazin
Çakallar zirveye yerleşti!,Magazin
Masterchef'te ödül oyununu kazanan yarışmacı belli oldu! Duygu dolu anlar,Magazin
Burak Dakak'tan Leyla Tanlar'a aşk dolu doğum günü kutlaması! 'En büyük şansım',Magazin
Ünlü oyuncunun acı günü! Üzen haberi Instagram'dan duyurdu,Magazin
Yılların eskitemediği Soner Arıca ekranlara döndü! Manken gibi fiziğinin sırrı ortaya çıktı,Magazin
Wanda Nara photoshop'un ayarını fazla kaçırdı! Bakın ne hale geldi...,Magazin
Evrim Alasya'dan aldatılma itirafı geldi! 'Bir mesajla yakaladım',Magazin
Gülçin Ergül keşfedilme hikayesini anlattı! 'Sağlık sıkıntılarım var',Magazin
Zeynep Bastık'ın konser kombini olay oldu! Eleştiri yağmuruna tutuldu,Magazin
Annem Ankara’nın ‘Vahide’si konuştu: Herkesin ailesinde var,Magazin
"Masterchef'e anneler geldi, yarışmacılar ağladı! Semih'in hikayesi herkesi duygulandırdı",Magazin
Serdar Ortaç kötü haberi duyurdu! 'Ev hapsindeyken sol kolumu kaybettim',Magazin
İnci Taneleri son bölüm neler oldu? Dilber'in gözü karardı,Magazin
4 yıl önce yeğenini kaybetmişti... Oyuncu Yasemin Hadivent'ten Melisa dövmesi,Magazin
'Survivor 2025' öncesi Ayşe'den merak uyandıran paylaşım! 'Ağır antrenmanlar yapıyorum',Magazin
Selena Gomez'in fotoğrafını beğenen sürpriz isim! Sosyal medya yıkıldı,Magazin
Haber İsmi,Kategori
Bir kez daha tasarım ödülü,Otomobil
Türkiye Karting Şampiyonası'nda yarışacak pilotlar tanıtıldı,Otomobil
BYD’nin hibriti Avrupa’dan önce Türkiye’de,Otomobil
İşte Türkiye’de tanıtılacak Frontera,Otomobil
"MotoGP, 4.5 milyar dolara el değiştirdi",Otomobil
Tesla 100 km’ye 1 saniyede çıkacak,Otomobil
Scenic Yılın Otomobili,Otomobil
TEMSA ciro artışında rekor kırdı,Otomobil
Çin’de ucuz mini-EV çılgınlığı,Otomobil
Marketlere oto şarj istasyonu,Otomobil
Kia elektriklide gaza basıyor,Otomobil
Togg gelişimi hızlandırdı,Otomobil
e-Atak tüm Avrupa’da artık ‘tek’ oldu!,Otomobil
Almanya’daki testten 5 yıldızı kaptı...,Otomobil
‘Mikro elektrikli’nin 2023 başarısı,Otomobil
Yeni Peugeot e-3008 8 yıl garanti verecek,Otomobil
Vestel’den ABD’de ‘çip’ ortaklığı,Otomobil
Biwatt filosuna yerli elektrikli,Otomobil
Stellantis menzili 800 km’ye çıkaracak,Otomobil
Gerekli hazırlıkları yapıyor,Otomobil
Frontera bu kez sadece elektrikli,Otomobil
E-POWER’lı Nissan’lar 100 bin adedi aştı,Otomobil
Megane e-Tech ile ses getirdi...,Otomobil
LG’den yeni sürücü destek sistemi,Otomobil
Avrupa’da kendi sınıfında birinci,Otomobil
İhracatta gaza bastı,Otomobil
IVECO-Hyundai elektrikli ticari araç üretecek,Otomobil
Ferrari'nin merkez üssünde ‘hız’ 30 km oldu,Otomobil
Toyota küreselde satış rekoru kırdı,Otomobil
Otomotiv ve güç elektroniğine yatırım,Otomobil
10 yılda 100 milyon yolculuk,Otomobil
‘En yeşil’ olimpiyat için Paris’te!,Otomobil
"BYD, dünyanın en gözde elektriklisi",Otomobil
Rusya’nın ilk elektrikli otomobili: Tesla katili,Otomobil
2024’te farklı bir pazar,Otomobil
Otokoç’tan ALBA’ya yatırım,Otomobil
CitiVolt’la bir ödül daha geldi,Otomobil
BYD Dolphin Autobest oldu,Otomobil
Türkiye’de yeni bir marka daha: SWM,Otomobil
Tesla’ya ‘plaka’ davası şoku,Otomobil
İkinci el otoda sınırlama uzadı,Otomobil
Otomotiv ihracatı % 10.4 arttı,Otomobil
Otomotiv sektöründe ilk “İş'te Eşit Kadın Sertifikası” sahibini buldu,Otomobil
"Komşusunun bahçesinde buldu, tadilat ile baştan yarattı! Şimdi teklifleri tek tek reddediyor",Otomobil
"Tesla, Almanya’da 25 bin euro’ya  elektrikli otomobil satacak",Otomobil
Hidrojenli otobüsünü Avrupa’da sergiliyor,Otomobil
BYD nasıl Tesla’yı tahtından etti?,Otomobil
‘Otomobil’ uçar gider,Otomobil
AB’de her 5 yeni otodan 1’i elektrikli,Otomobil
Sedan’ın ardından Hatchback de makyajlandı,Otomobil
Haber İsmi,Kategori
40 ton tekno atık ile 450 öğrenciye destek,Teknoloji
SpaceX'in Starship roketi 5. test uçuşunda başarılı iniş yaptı,Teknoloji
DENEYAP Makeathon Yarışmasında uzay keşfi heyecanı,Teknoloji
TEKNOFEST’te ödüller sahiplerini buluyor,Teknoloji
250 binden fazla öğrenciye ulaşan proje BM’de en başarılı örnek seçildi,Teknoloji
TEKNOFEST Adana için geri sayım başladı,Teknoloji
Tek tuşla 20 farklı kahve deneyimi,Teknoloji
"‘Tech Yol Dijital’ sloganıyla, Unichallenge Tech’te buluştular",Teknoloji
TEKNOFEST 2024’e yeni paydaş,Teknoloji
SpaceX'in Crew-9 misyonunun uzay yolculuğu başladı,Teknoloji
TEKNOFEST Drone Şampiyonası ikinci etabı Mersin’de başlıyor,Teknoloji
İnsansız Deniz Aracı Yarışması Final Süreci Başlıyor,Teknoloji
Reklam ve pazarlama iletişiminin yükselen trendleri IAB Connect’te ele alındı,Teknoloji
Instagram'dan 18 yaş altı kararı! Türkiye'de yeni dönem ocak ayında başlayacak,Teknoloji
Yine ‘en sevilen’ e-ticaret markası,Teknoloji
60 milyar dolarlık hisseyi geri alacak,Teknoloji
Amazon çalışanlarına ‘ofise dönün’ çağrısı,Teknoloji
Rus medyasına Meta ‘yasağı’,Teknoloji
Model Uydu Yarışmasında 165 takımdan 15'i finale kaldı,Teknoloji
İnsansız Su Altı Sistemleri Yarışma finalleri başlıyor,Teknoloji
TravelX Ideathon Yarışması final heyecanı başlıyor,Teknoloji
Yerel üreticileri dijital pazarda destekleyecek fikirler TEKNOFEST’te yarışacak,Teknoloji
TEKNOFEST 2024 Adana ziyaretçi kayıtları başladı!,Teknoloji
Dikey İnişli Roket Yarışması başlıyor,Teknoloji
‘3 katlı’ cep çıkardı,Teknoloji
Roket yarışmasında geri sayım başladı,Teknoloji
Ve iPhone 16 tanıtıldı! İşte merak edilen özellikleri ve fiyatı,Teknoloji
IFA 2024'te geleceğin mobilite stratejileri anlatıldı,Teknoloji
TEKNOFEST Akdeniz’de en iyiler belli oldu,Teknoloji
‘TahtApp’ az gören çocuklara ışık oluyor,Teknoloji
Antalya'da düzenlenen TEKNOFEST Akdeniz Teknoloji Yarışmaları Finalleri başladı,Teknoloji
Teknolojiyle okula dönüş,Teknoloji
Dijital ödeme araştırmasında ‘Fijital’ detayı,Teknoloji
E-ihracatın geleceği IGEXX Küresel E-İhracat Zirvesi’nde değerlendirildi,Teknoloji
TEKNOFEST Akdeniz Teknoloji Yarışmaları başlıyor,Teknoloji
TEKNOFEST Akdeniz Teknoloji Yarışmaları için online ziyaretçi kayıtları başladı,Teknoloji
Fintek girişimleri için yeni fırsat,Teknoloji
TEKNOFEST Tarımsal İKA Yarışması final heyecanı başlıyor,Teknoloji
Sürdürülebilirlik Hizmeti’nde Avrupa’nın en iyisi Türkiye’den,Teknoloji
TEKNOFEST Robotaksi Binek Otonom Araç Yarışması’nda final heyecanı başladı,Teknoloji
Haber İsmi,Kategori
Eczacıbaşı'nda Elif Şahin fırtınası esti! Kuzeyboru galibiyeti,Voleybol_Sporları
Beşiktaş'ta Voleybol İcra Kurulu görevi bıraktı!,Voleybol_Sporları
Aras Kargo set vermedi: 3-0,Voleybol_Sporları
"VakıfBank, Vero Volley Milano'ya set vermedi!",Voleybol_Sporları
Elif Şahin ve Saliha Şahin'den anlamlı proje! İyilik Elçisi oldular,Voleybol_Sporları
Fenerbahçe'de Slobodan Kovac dönemi resmen başladı,Voleybol_Sporları
"Rusya'da Ebrar Karakurt fırtınası! Lokomotiv Kaliningrad, Moskova'yı devirdi",Voleybol_Sporları
Şampiyonlar Ligi'nde Imoco'da hayal kırıklığı! Türkiye'ye yaradı,Voleybol_Sporları
Ebrar Karakurt iddiası! Türkiye'ye geri dönüyor,Voleybol_Sporları
"Galatasaray Daikin, CEV Challenge Cup'ta 4'lü Finaller Turu'nda!",Voleybol_Sporları
"Neslihan Demir: Eczacıbaşı'nda Ferhat Akbaş istifa etti, yönetim kabul etmedi",Voleybol_Sporları
CEV Şampiyonlar Ligi'nde Fenerbahçe Medicana'da Melissa Vargas rüzgarı!,Voleybol_Sporları
Voleybolda Meryem Boz'dan anlaşma sonrası paylaşım!,Voleybol_Sporları
Filenin Sultanları'nın Milletler Ligi'ndeki rakipleri belli oldu!,Voleybol_Sporları
A Milli Erkek Voleybol Takımı'nın maç programı açıklandı,Voleybol_Sporları
Ekaterina Antropova için Türkiye sesleri! İtalyanlar duyurdu,Voleybol_Sporları
"VakıfBank'ta Cansu Özbay fırtınası! Geri döndü, MVP oldu",Voleybol_Sporları
TVF Başkanı Mehmet Akif Üstündağ'dan Galatasaray ve Fenerbahçe çıkışı! 'Bunu kabul etmiyoruz',Voleybol_Sporları
CEV Şampiyonlar Ligi'nde Eczacıbaşı Dynavit set vermedi,Voleybol_Sporları
Aybüke Çetinay: Yolumuza kayıpsız devam etmek istiyoruz!,Voleybol_Sporları
Avrupa'da 6 Türk voleybol takımı sahaya çıkıyor!,Voleybol_Sporları
CEV Şampiyonlar Ligi'nde lider Eczacıbaşı Dynavit'in rakibi SSC Palmberg,Voleybol_Sporları
"Şampiyonlar Ligi'nde lider VakıfBank, Porto'yu konuk ediyor!",Voleybol_Sporları
"Türk Hava Yolları, Sarıyer Belediyesi'ne set vermedi!",Voleybol_Sporları
Haber İsmi,Kategori
"Türkiye, NATO Daimi Mayın Karşı Tedbirleri (MKT) Görev Grubu-2'nin komutasını devraldı",Yerel
"Hakkari Valisi Çelik, Irak sınırında yapılan güvenlik duvarını inceledi",Yerel
Bolu Dağı'nda sis zincirleme kazaya sebep oldu: 6 yaralı,Yerel
Beyoğlu'nda 11 yaşındaki çocuğun öldüğü kazaya ilişkin İETT şoförünün serbest bırakılmasına itiraz edildi,Yerel
Futbol: Trendyol Süper Lig,Yerel
İstanbul - Beyoğlu'nda çocuğa çarpan İETT şoförü adli kontrol şartıyla serbest bırakıldı,Yerel
"Sivasspor, Ankara Keçiörengücü maçının hazırlıklarına devam etti",Yerel
Hentbol: Erkekler Süper Lig,Yerel
D-100 kara yolu Bolu Dağı geçişindeki zincirleme trafik kazasında 6 kişi yaralandı,Yerel
Rize'de bir kişi evinde ölü bulundu,Yerel
AK Parti'li Çelik: MİT doğası gereği herkesle görüşür,Yerel
MALATYA'da zincirleme kaza: 6 yaralı,Yerel
SAMSUN - Prof. Dr. Aksakal: Aşı en etkili halk sağlığı uygulaması,Yerel
Trakya Üniversitesi Tıp Fakültesi'nde kalp hastalıklarına yönelik panel düzenlendi,Yerel
BOLU - Yaşadığı işhanının deposunda ölü bulundu,Yerel
Muğla açıklarında sürüklenen bottaki 27 düzensiz göçmen kurtarıldı,Yerel
Balıkesir'de hafif ticari araç ile otomobilin çarpışması sonucu 2 kişi yaralandı,Yerel
Komisyon Başkanı Katırcıoğlu: 16 yaşına kadar sosyal medya kullanımına düzenleme getirilmeli,Yerel
Balıkesir'de temel kazısında yandaki binanın giriş yolu çöktü,Yerel
Rize'de motosiklet kazası kameraya yansıdı,Yerel
İzmir'de 3 ABD'li askere saldıran 15 sanık hakim karşısında,Yerel
"Azerbaycanlı piyanist Turan Manafzade, Gelibolu'da öğrencilerle buluştu",Yerel
Malatya'da 7 aracın karıştığı zincirleme trafik kazasında 6 kişi yaralandı,Yerel
NATO Daimi Mayın Karşı Tedbirleri Deniz Görev Grubu-2'nin komutası Türkiye'ye geçti,Yerel
"Adana Şehir Tiyatroları ""Hedda Gabler"" oyunuyla İstanbul'da izleyicilerle buluşacak",Yerel
Manisa'da anne adaylarına ücretsiz yoga ve doğuma hazırlık eğitimi,Yerel
"'Uçan Manisalı' Ruhi Sarıalp, memleketi Manisa'da anıldı",Yerel
Yuvamız Manisa Çocuk Eğitim Merkezleri'nde yerli malı haftası kutlandı,Yerel
Malatya'da zincirleme kaza: 6 yaralı,Yerel
Beşiktaş'ta ölümlü kazaya ilişkin gözaltına alınan İETT otobüsünün şoförü tutuklandı,Yerel
Sivas'ta inşaat işçilerinin kaldığı prefabrik yapı yandı,Yerel
"Kastamonu Valisi Dallı'dan ""baca temizliği"" uyarısı",Yerel
Sivas'ta kar ve tipi nedeniyle 34 köy yolu ulaşıma kapandı,Yerel
TOGÜ'den 402 öğrenciye diş taraması,Yerel
Kastamonu'da domuzun saldırdığı kişi yaralandı,Yerel
Sivas'ta annesi ve ikiz kardeşini öldüren zanlı tutuklandı,Yerel
Tokat İl Özel İdaresinde hizmet içi eğitim yapıldı,Yerel
Kayseri'deki olaylara neden olan sanığa 20 yıla kadar hapis istemi,Yerel
"Vali Dallı, İçişleri Bakanı Yerlikaya başkanlığındaki video konferans toplantısına katıldı",Yerel
Adana'da terör örgütü DEAŞ sanığının yargılanması sürdü,Yerel
Yaşadığı iş hanının deposunda ölü bulundu,Yerel
Denizli'de trafik kazasında 3 polis memuru yaralandı,Yerel
Hatay'da inşaat kazısında seramik kaplar ve lahit bulundu,Yerel
"Alanyaspor, Amed Sportif Faaliyetler maçının hazırlıklarını tamamladı",Yerel
Erzurum'da çay ocağına pompalı tüfekle ateş eden zanlı tutuklandı,Yerel
Devrilen motosikletin sürücüsünün yaralandığı kaza kamerada,Yerel
İstinat duvarına çarpan otomobilin sürücüsü öldü,Yerel
Sosyal medyada terör propagandası yapan 2 şüpheli tutuklandı,Yerel
Ardahan'da kar ve yoğun tipi ulaşımı aksatıyor,Yerel
"Evinin odasında kilitli kalan kadını, itfaiye kurtardı",Yerel
Haber Başlığı,Kategori
"Darüşşafaka Cemiyeti, Türkiye İş Bankası 46. İstanbul Maratonu’nda bağış yaparak öğrencilerin eğitimine, katkı sağlayan koşucuları, kurumları ve takımları düzenlediği törenle onurlandırdı.",Moda
"Darüşşafaka Cemiyeti, 2023 Yılı Entegre Raporu ile MarCom Awards’ta başvurduğu 6 kategorinin tamamında “Platinum” ödüllerine layık görüldü.",Moda
"Kalyon Holding Sosyal ve Kültürel İşler Komitesi Başkanı Reyhan Kalyoncu, Kalyon Vakfı desteği ile “Kalahari Augrabies Ekstrem Maratonu”nda depremzede çocuklar için koşan ülkemizin ilk kadın ultra maraton koşucusu Bakiye Duran ile Adıyaman’da depremzede çocuklarla buluştu.",Moda
"Gaziantep Büyükşehir Belediye Başkanı Fatma Şahin, GastroANTEP Kültür Yolu Festivali'nin açılış programında yaptığı konuşmada Gazi şehrin bölgenin kaldıracı ve destinasyonu olduğunu vurgulayarak, bölgedeki tüm şehirlerle beraber bölgesel kalkınmanın önemini aktardı.",Moda
"Antik Yunan’dan modern zamanlara kadar çeşitli spor dallarına ait oyuncaklarla spor ve oyuncak tarihini ilk kez bir araya getiren sergi, 31 Ağustos’a kadar İstanbul Oyuncak Müzesi’nde ziyaretçilerini ağırlamaya devam edecek.",Moda
"El ve vücut bakım markası Vaseline, yeni ürününü özel bir etkinlikle tanıttı.",Moda
"Milliyet Arkeoloji dergisi, 21 Temmuz Pazar günü yayımlanacak 39. sayısında Teos Antik Kenti’ni mercek altına alıyor. Dergide ayrıca 13 yıl süren restorasyonun ardından bir müzeyle birlikte ziyarete açılan Çinili Hamam, Antik Dönem olimpiyatları ve stadyumların evrimi de inceleniyor.",Moda
3-7 Temmuz tarihleri arasında Bodrum Herodot Kültür Merkezi’nde DEMOS Fuarcılık A.Ş. tarafından düzenlenen Bodrum Art Fair kapılarını sanatseverlere açtı.,Moda
Haziran ayının gelmesiyle birlikte başlayan bunaltıcı sıcaklar hemen herkese 'Ne giysem' diye düşündürmeye başladı. Terletecek tek bir zerrenin bile üstümüzde bulunmasını istemediğimiz bu günlerde tercih edeceğiniz kumaş gününüzün seyrini değiştirebilir. İşte serinletme etkisi veren kumaşlar.,Moda
"31. İstanbul Caz Festivali kapsamında düzenlenecek Garanti BBVA Caz Sohbetleri, 28 Mayıs’ta düzenlenecek Türkiye’de Cazın Tarihini Yazan Kadınlar: Sibel Köse, Hülya Tunçağ, Füsun Levet söyleşisiyle sona eriyor.",Moda
"Milliyet Arkeoloji dergisi, 19 Mayıs Pazar günü yayımlanacak 37. sayısında Patara Deniz Feneri’ni ve yeniden ayağa kaldırılış hikâyesini mercek altına alıyor.",Moda
"Küresel masallar, toplumda farkındalık yaratmak amacıyla yeniden yorumlandı.",Moda
"Küratörlüğünü Haldun Demirhisar’ın yaptığı, Bosphorus Art Society (B.A.S.) tarafından düzenlenen, Boğaziçi temalı Art Show, Kültür ve Turizm Bakanı Mehmet Ersoy ile iş ve sanat dünyasından çok sayıda tanınmış ismin katılımıyla gerçekleşti.",Moda
"Limak Şirketler Grubu’nun, STEM alanlarında kadın istihdamını artırmayı amaçlayan ve ülke sınırlarını aşarak küresel bir sosyal etki hareketine dönüşen projesi Global Engineer Girls (GEG) 10-12 Mayıs tarihleri arasında Kosova, Kuzey Makedonya, Suudi Arabistan ve Türkiye'nin farklı şehirlerinden gelen mühendis kızları İstanbul’da ağırlayacak.",Moda
"Moda sektörünün vazgeçilmez parçalarından olan kot pantolonlar çeşitli modellerde satışa sunuluyor ve farklı stillerde kombinlenebiliyor. Bir marka için oluşturulan yeni koleksiyonun parçası olan kot pantolon ise pek çok kişiyi şaşırttı. Altını ıslatmış gibi gösterdiği düşünülen kot pantolon, 26 bin liraya satıldı. İşte detaylar.",Moda
"Istanbul Modest Fashion Week 2024, 25-26-27 Nisan 2024 tarihlerinde, Fişekhane-Galeri’de düzenlenecek.",Moda
"1979’dan beri bünyesinde Emmy ödüllerini de bulunduran Television Academy Foundation tarafından düzenlenen College Television Awards’da Kaan Berkant, yapımcılığı üstlendiği Slobopoly ile en iyi komedi ödülüne layık görüldü.",Moda
"Dijital mecralar ve uygulamalar üzerinden yaratıcılık ve iş sonuçları ile reklamların değerlendirildiği ve ödüllendirildiği MIXX Awards Türkiye, İnteraktif Reklamcılık Derneği (IAB) tarafından on dördüncü kez düzenlendi. Rahmi Koç Müzesi’nde gerçekleştirilen ödül törenine, reklamveren markalar, yayıncı mecralar ve reklam ajansları ile sektör kuruluşlarının temsilcilerinin yanı sıra IAB Kurucu Başkanı Ahmet Pura, IAB Europe Yönetim Kurulu Başkanı Thomas Duhr ve IAB Europe Onursal Başkanı Constantin Kamaras da katıldı.",Moda
"2021 yılında başlattığı sanat projesi ile sanata ve sanatçılara özel alan açtığını duyuran e-ticaret platformu Trendyol, 15 Nisan Dünya Sanat Günü’nde sanatseverleri bağımsız sanatçıları yakından tanımaya ve eserlerini incelemeye davet etti.",Moda
"İnteraktif Reklamcılık Derneği (IAB), bu sene 14’üncüsünü düzenlediği MIXX Awards Türkiye yarışmasında 'Sürdürülebilirlik Kampanyaları' kategorisini hayata geçirdiğini duyurdu.",Moda
"Bu yıl, altı farklı kategoride; “Purpose Driven Marketing”, “Marketing Impact”, “Impact Media”, “Emerging Tech Marketing”, “E-commerce Marketing” ve “Creative alanlarında başvuruların alındığı  SMARTIES™ X Global 2023 Ödülleri'nin kazananlarını açıkladı.",Moda
"Sıcak tutan kazaklar, hafif elbiseler, en sevdiğimiz atletik taytlar, şekillendirici iç çamaşırları...Güzel ve rahat görünmelerine rağmen hem cildiniz hem de genel sağlığınız için tehlikeli olduklarını söylesek... İşte içeriğindeki kimyasallar sebebiyle cilt düşmanı olan 5 kumaş türü.",Moda
İlki İstanbul’da 2 yıl önce açılan Türk Müziği Müzesi’nin ikincisi Arap Müziği Müzesi adıyla Dubai’de Türk firması Outdoor Factory tarafından hayata geçirildi.  Emaar Entertainment LLC için tasarım ve uygulaması yapılan proje Orta Doğu’da ilk olma özelliği taşıyor.,Moda
"Evlenmek bir yandan çok heyecan verici bir an, öte yandan ise son derece stresli bir durum. Bu nedenle yapılacaklar listenizdekleri takip ederken, bazı şeyleri gözden kaçırmanız çok olası. Haberimizde, büyük güne hazırlık aşamasında aklınızda bulundurmanız ve farkında olmanız gerekenleri bulacaksınız.",Moda
"Düz tabanlı babetlere bir trend demek az kalır. Bunun yerine bir ikon desek daha yerinde olur. Ayakkabı dolabımızın en zamansız, en zarif ve en kurtarıcı çiftlerinden olan babetler, özellikle içinde bulunduğumuz bahar aylarında moda kızlarının ayağından hiç düşmedi. Önümüzdeki birkaç aya damga vuracağına da şüphe yok. - PEMBENAR ÖZEL",Moda
"Düz fönler, plaj dalgaları, atkuyruğu, örgüler, topuzlar... Hepsini ezberledik ancak yaz biraz daha renk ve aksesuar istemiyor mu? Saçları için havalı ve çabasız stiller arayanlar için rengarenk fularlar yeni sezonda kombinlere eşlik ediyor. Fularların çok yönlü kullanımı, sizinle her yere gidebilir olmaları ve en basit kombini bile anında yükseltebiliyor olması onları vazgeçilmez bir aksesuar yapıyor. Sizin için derlediğimiz fular bağlama tekniklerini gördükten sonra sizin de bu yaz vazgeçilmeziniz olacak! - PEMBENAR ÖZEL",Moda
"Müzik ve moda dünyasının duayenleri özel giyilebilir sanat koleksiyonu için güçlerini birleştirdi. Mercan Dede’nin 3 farklı tablosu, Arzu Kaprol kaftan, ipek baskılar ve fularlarda hayat buldu.",Moda
"Neredeyse 40 yılı aşkın bir süredir modayla ilgilenenlerin kelime dağarcığına 'kapsül gardırop' ifadesi yerleşti. ""Kapsül gardırop oluşturarak satın alma davranışları değiştirilebiliyor. Kapsül gardıropların temel ve yan giysi parçalarıyla birlikte 30-40 parçadan daha yukarı çıkmaması önemli"" diyen Moda ve Tekstil Tasarımı Uzmanı Dr. Öğr. Üyesi Havva Gülçin Üstün, kapsül gardırop oluşturmanın püf noktalarını da açıkladı.",Moda
"Vogue Eyewear, göz alıcı yeni marka elçisi ve kreatif ortağı olan moda perisi, model Hailey Bieber ile yeni bir sezonun başlangıcını kutluyor. Hailey ile iş birliği içerisinde tasarlanan koleksiyonun ilk modelleri, otantik güzellik ile şöhret stilini bir araya getiriyor ve bu özel ortaklık ile kampanyayı beğenilerinize sunuyor.",Moda
"Giyim markası Kiğılı, İtalya’nın moda kenti Milano’da gerçekleştirilen Sì Sposaitalia Collezioni Milano Bridal Week’te tek Türk markası olarak podyumdaki yerini aldı.",Moda
"Pedikürler yapılsın, sandalet mevsimi artık kapıda! Aylarca yünlü çorapların ve deri çizmelerin içinde ayaklarımızı sakladıktan sonra artık nefes alma vakti. Peki 2022 yaz sezonuna hangi sandalet modelleri damga vuracak? İşte bu yaz her yerde göreceğiniz 2022 yaz sandalet trendleri! - PEMBENAR ÖZEL",Moda
"Tommy Hilfiger, 2022 İlkbahar Koleksiyonu’nu Tommy Hilfiger Mayadrom Showroom’da düzenlenen bir davetle tanıttı. Etkinlikte, Tommy Hilfiger Kadın, Tommy Hilfiger Erkek, Tommy Hilfiger Jeans, Tommy Hilfiger Icons, Tommy Hilfiger Ayakkabı ve Aksesuar koleksiyonları tanıtıldı.",Moda
"ModaTasarımcısı Murat Aytulum’un 34 çok özel parçadan oluşan FW22/23 koleksiyonu ‘”GEN” 16 Mart Çarşamba günü, Fashion Week Istanbul ev sahipliğinde Soho House Istanbul’da yapılan dijital defile ile izleyicilerle buluştu.",Moda
"Tarih hep tekerrürden ibaret, dün başkasıydı giden, bugün bir başkası... Asıl şimdi bambaşka bir hikaye yazmalı diğerlerinden farklı. Gidenleri anarak, gitmemek için and içmeye SON ÇAĞRI.",Moda
"2015 yılında mezun olduğu İstanbul Moda Akademisi’nin düzenlediği karma defile ile moda haftasında yer alarak profesyonel tasarımcılık hayatına başlayan Sezgi Tüzel, 2022-23 Sonbahar-Kış “The Other” koleksiyonunda kadın ve erkeğin birlikteliğinin yarattığı güçten yararlanıyor.",Moda
"2012’de kurulmuş olan İstanbul asıllı DB BERDAN, çevreye duyarlı ve yenilikçi Londra tabanlı bir marka olarak tanımlanıyor. Hiper sokak stilinin öncüsü olan DB BERDAN, hikayeleri kendi yaklaşımlarıyla anlatmayı seven bir tasarım markası. Sokak stilini aktif giyimle birleştiren DB BERDAN, modayı takip eden; ancak fonksiyonellikten ödün vermeyen kadınlara ithaf ediliyor.",Moda
"Hala pandemiden havalı etkinliklere geçişimizi tam olarak sağlayamamışken, bu geçiş dönemini bize rahat ve şık hissettiren parçalarla kurtarmak istiyoruz. Platform ayakkabı trendinin yükselişi de bunun bir sonucu olarak ortaya çıktı. Hem gündüz hem geceye uyum sağlayabilen, rahat ve şık olmasının yanı sıra romantik bir kaçış da yaratabilen Mary Jane platformlar havalı şehir kadınlarının 2022'deki ayakkabı tercihlerinde ilk sıralarda yer alacak.",Moda
"Türk tasarımcı Serdar Uzuntaş, Milano Erkek Moda Haftası’nda olimpik eskrim disiplininden ilham alan bir koleksiyonla yer aldı. Tasarımcı sürpriz yaparak ilk kez tasarladığı gözlük serisini de moda haftasında görücüye çıkarttı.",Moda
"2021 sonbahar/kış sezonuna şimdiden bazı ayakkabıların damga vurduğunu söylesek yanılmış olmayız. Klasikler, pratikler, iddialı stiller... 2021 sonbahar/kış sezonunda hepsi var. İşte hemen yatırım yapmanız gereken 2021 kış sezonunun en dikkat çeken ayakkabı trendleri! - PEMBENAR ÖZEL",Moda
Her zaman trendleri kovalayan bir modasever olsanız da bazen gardırobunuzu açtığınızda eliniz ne zaman satın aldığınızı bile hatırlamadığınız klasik parçalara gider ve bu parçalar sizi asla hayal kırıklığına uğratmaz. Bugün dersimiz klasiklerin sürdürülebilir bir moda anlayışındaki önemi ve modası geçmeyen klasik parçalar!,Moda
"Hırkalar yıllarca depresyon ""item""i olarak kullanılsa da ona sarıldığınızda verdiği sıcacık histen çok daha fazlasını yarabileceği pek çok moda gurusu tarafından kanıtlandı. Son iki yıldır sokak stilimizin vazgeçilmez bir parçası olmaya başaran hırkalar, ev-ofis stilinde de hayat kurtarıcı bir parça oldu. Biz de bu yüzden size hırkayla yapabileceğiniz kombin önerilerini derledik. Şimdi alın, bahar boyunca giyin. - PEMBENAR ÖZEL",Moda
"Güzel kıvrımlarınızı ve vücut şeklinizi vurgularken, zaten sahip olduğunuz parçaları ekleyerek veya yenilikçi bir şekilde vurgulayarak görünümünüzü yeniden keşfetmenin bazı yaratıcı yolları var. Kış tarzınızı tam teçhizata sokmaya hazırsanız kıvrımlı kadınlar için en iyi 8 kış kıyafetine göz atın. - PEMBENAR ÖZEL",Moda
"Akşam 7’den sabah 7’ye kendini şımartmayı ve özel hissetmeyi sevenlere adanmış olan Gece, ilk koleksiyonuyla gecenize peri tozu serpmeye geliyor.",Moda
"Nicolas Ghesquière sunumuyla Louis Vuitton İlkbahar/Yaz 2022 defilesi, katılımıyla Paris Moda Haftası kapsamında dün Louvre Müzesi'nde gerçekleşti. İşte Louis Vuitton İlkbahar/Yaz 2022 defilesinde öne çıkanlar!",Moda
"Chanel, nostaljik ve neşeli bir defileyle İlkbahar/Yaz 2022 koleksiyonunu bugün Paris'te tanıttı. Pandemi sonrası ilk kez seyircilerin katılımıyla gerçekleşen Chanel defilesinde modeller, İlkbahar/Yaz 2022 koleksiyonunu gülücükler ve öpücükler saçarak tanıttı. - PEMBENAR ÖZEL",Moda
"Donatella Versace, yine Milan Moda Haftası'na damgasını vurmadan duramadı. Donatella'nın yeni ilham perisi Dua Lipa'nın İlkbahar/Yaz 2022 şovunu açıp kapaması ve şova eşlik eden süpermodel ordusu Versace'ye yakışır muhteşem bir koleksiyona eşlik etti. İşte Versace'nin yıldız geçidi İlkbahar/Yaz 2022 defilesinde öne çıkanlar! - PEMBENAR ÖZEL",Moda
"Alberta Ferretti, yeniden doğuşu simgeleyen İlkbahar/Yaz 2022 sezonu için hazırladığı koleksiyonunu dün Milan Moda Haftası kapsamında sergiledi. İşte Alberta Ferretti İlkbahar/Yaz 2022 koleksiyonunda öne çıkan detaylar! - PEMBENAR ÖZEL",Moda
"İki karantina arasında Fendi'nin sanat yönetmeni olarak atanan ve ilk koleksiyonlarını dijital ortamda sunmak zorunda kalan Kim Jones, ilk canlı şovunu dün Milan Moda Haftası kapsamında gerçekleştirdi. İşte Fendi İlkbahar/Yaz 2022 koleksiyonu hakkında bilmeniz gerekenler! - PEMBENAR ÖZEL",Moda
"Tom Ford, payet, saten ve ışıltı ağırlıklı İlkbahar/Yaz 2022 koleksiyonuyla New York Moda Haftası'na ihtişam kattı. İşte Tom Ford İlkbahar/Yaz 2022 koleksiyonu hakkında bilmeniz gereken 5 şey! - PEMBENAR ÖZEL",Moda
"Covid-19 pandemisinin moda markaları üzerindeki etkisi tasarımcıdan tasarımcıya büyük farklılıklar gösteriyor. Michael Kors'un İlkbahar/Yaz 2022 koleksiyonu için podyumlara dönüşü deyim yerindeyse muhteşem oldu. Kendall Jenner'ın açtığı defilede Gigi Hadid, Irina Shayk ve Vittoria Ceretti gibi ünlü süpermodeller boy gösterdi. İşte Michael Kors İlkbahar/Yaz 2022 defilesinden satır başları! - PEMBENAR ÖZEL",Moda
"Özlem Süer White’ın Sonbahar/Kış koleksiyonu yeni dünyanın yeni konseptlerinden ilham alıyor. Koleksiyonda çağdaş bir yaklaşımla retro, romantik, tutkulu, yalın ama yine de görkemli gelinlikler yer alıyor.",Moda
"Şüphesiz tasarımcılar Sonbahar/Kış 2021 sezonu için olağanüstü şartlarda, geleceğe dair belirsizlik ve endişenin hakim olduğu bir ortamda, hayatları sonsuza dek değişmiş bir kitleye hitap etmek zorunda kaldı. Onların görevi umudu, heyecanı ve yaşam enerjisini yeşertmek; her türden başlangıcı, esnekliği ve büyümeyi başlatmak üzere meşale taşımaktı. Pek çoğu sanal ortamda birbirinden yaratıcı ve fütüristik biçimde koleksiyonlarını sergileyerek modanın başlatan, iyileştiren, kuralları baştan yazan gücünü gösterdiler. Elbette sezonun trendleri de bu bağlamda şekillendi. İşte yeni moda sezonuna damga vuracak Sonbahar/Kış 2021 trendleri! - Duygu Bay / PEMBENAR ÖZEL",Moda
"Yaz için doğru rengi giyinmek hem şık görünmek hem de serin kalmak için önemli. Herkesin kendine has bir tarz anlayışı olsa da bazı renkler, hem beden sıcaklığını ayarlamak hem de şık bir görünüm için mevsime göre yanlış olabilir. Peki yazın hangi renkleri giymekten kaçınmalı, hangi renkleri tercih etmeliyiz? Hangi kumaşlar yaza uygundur? Buz testiyle bir kıyafetin güneşle etkileşimini nasıl anlarız? Renklerin psikolojik olarak terletmesi mümkün mü? Bütün bu sorunların cevaplarını sizin için derledik! - PEMBENAR ÖZEL",Moda
"Yıldız isimler, 74. Cannes Film Festivali kapsamında geleneksel amfAR Cinema Against AIDS galasında bir araya geldiler. Her yıl olduğu gibi amfAR Gala Cannes 2021 de yıldız isimlerin şıklık yarışına sahne oldu. İşte amfAR Gala Cannes 2021'in en dikkat çekici görünümleri!",Moda
"74. Cannes Film Festivali'nin 11. gününde ""The Restless"" ve ""Emergency Declaration"" filmlerinin öngösterimleri ile ""Memoria"" filminin basın toplantıları gerçekleştirildi. İşte 74. Cannes Film Festivali 11. gününden en dikkat çekici kırmızı halı görünümleri!",Moda
"74. Cannes Film Festivali'inin 10. gününde ""France"" ve ""Memoria"" filminin gösterimleri yapıldı. Ünlü modeller şıklıklarıyla galaya damga vururken Türkiye'den Wilma Elles, Christophe Guillarme elbisesiyle göz kamaştıran isimler arasındaydı. İşte 2021 Cannes Film Festivali'nin 10. gününden en iddialı görünümler!",Moda
"74. Cannes Film Festivali'nin dokuzuncu gününde ünlü oyuncular ve modeller ""The Story of My Wife"" filminin galasında bir araya geldi. Türkiye'den Wilma Elles'in de katıldığı ""The Story of My Wife"" filmi galasından en şık görünümleri derledik.",Moda
"74. Cannes Film Festivali'nin sekizinci gününde ""Aline"" ve ""Titane"" filmlerinin öngösterimleri ile ""The French Dispatch"" ve ""BAC Nord"" filmlerinin basın toplantıları yapıldı. Gelin 74. Cannes Film Festivali'nin sekizinci gününden en şık görünümlere birlikte göz atalım!",Moda
"74. Cannes Film Festivali'nin yedinci gününe Wes Anderson'ın merakla beklenen filmi ""The French Dispatch"" damgasını vurdu. Festival kapsamında öngösterimi yapılan filmin kırmızı halısı yıldızlar geçidiydi. Günün devamında ise ""The Crusade"" ve ""BAC Nord"" filmleri sergilendi. İşte 74. Cannes Film Festivali yedinci gününden en şık kırmızı halı görünümleri!",Moda
"74. Cannes Film Festivali, ""Three Floors"" ve ""Bergman Island"" filmlerinin gösterimleri ve Kering Women In Motion Awards ile devam etti. ""Three Floors"" filminin galasına model Bella Hadid'in Schiaparelli imzalı elbisesi damga vurdu. İşte festivalin altıncı gününden en iddialı görünümler!",Moda
"74. Cannes Film Festivali kapsamında Cumartesi günü gösterimi yapılan ""Peaceful"" filminin galasında dünyaca ünlü süpermodeller ve oyuncular göz kamaştırdı. Günün finalinde ""Flag Day"" filminin gösterimi gerçekleşti. İşte 2021 Cannes Film Festivali'nin beşinci gününden en şık kırmızı halı görünümleri!",Moda
"Bu yıl 74'üncüsü düzenlenen Cannes Film Festivali, Fransa'nın Cannes kentinde devam ediyor. Festivalin dördüncü gününde ""Benedetta"" ve ""The Divide"" filmlerinin gösterimleri yapıldı. ""Benedetta"" filminin kırmızı halısı ünlü oyuncuların ve süpermodellerin şıklık yarışına sahne oldu. İşte 74. Cannes Film Festivali'nin dördüncü gününden en dikkat çeken kırmızı halı görünümleri!",Moda
"74. Cannes Film Festivali'nin üçüncü akşamında ""Stillwater"" ve ""The Worst Person In The World"" filmlerinin gösterimleri yapıldı. Süpermodellerin geçidine sahne olan kırmızı halının ihtişamına festival etkinlikleri ve fotoğraf çekimleriyle gündüz şıklığı da eklendi. İşte 2021 Cannes Film Festivali'nin üçüncü gününden ve ""Stillwater"" ile ""The Worst Person In The World"" filmlerinin galalarından en şık görünümler!",Moda
"74. Cannes Film Festivali ikinci gününde ""Everything Went Fine"", ""The Velvet Underground"" ve ""Jane By Charlotte"" filmlerinin gösterimleri yapılırken dünyaca ünlü oyuncular ve süpermodeller kırmızı halıyı salladı. Candice Swanepoel, Diane Kruger, Isabelle Huppert gibi isimlerin damga vurduğu festivalin ikinci gününde kırmızı halıda siyah ve beyaz tonları hakimdi. İşte 2021 Cannes Film Festivali ikinci gününün en şıkları!",Moda
"Fransa'da Kovid-19 kısıtlamaları hafiflerken, Salı günü Paris Moda Haftası'nda Chanel'in Empresyonist esinli haute couture şovunu rengarenk çiçekler, payetler ve tüyler süsledi. İşte Chanel Sonbahar/Kış 2021 Couture koleksiyonu hakkında bilmeniz gerekenler! - PEMBENAR ÖZEL",Moda
"Dior, Sonbahar/Kış 2021 Couture defilesi için pandemi sonrası ilk kez canlı seyirciyle buluştu. Fransız modaevi, limitli bir seyirciyle de olsa pandemi öncesi görkemini geri getiren bir şovla Paris Moda Haftası'nı açtı. İşte defileden satır başları! - PEMBENAR ÖZEL",Moda
"Geçen yılki talihsiz iptalinden sonra Cannes Film Festivali, tüm ihtişamıyla geri döndü. ""Annette"" filmi ile açılan 2021 Cannes Film Festivali'nin kırmızı halısı Bella Hadid ve Candice Swanepoel gibi süpermodellerin yanı sıra Jessica Chastain, Marion Cotillard, Maggie Gyllenhaal, Jodie Foster gibi yıldız oyuncuların geçidine de sahne oldu. İşte 74. Cannes Film Festivali açılış gecesinden en dikkat çekici görünümler...",Moda
"Maria Grazia Chiuri, The Dior Cruise 2022 koleksiyonunu dün Atina'da Cara Delevingne, Anya Taylor Joy, Catherine Deneuve ve Suki Waterhouse gibi ünlü isimlerin katıldığı şov ile tanıttı. İşte front row ve koleksiyondan görüntüler...",Moda
"Nicolas Ghesquière, Louis Vuitton'un 2022 Cruise şovunu Fransa'daki Cergy-Pontoise'a götürdü ve İsrailli sanatçı Dani Karavan'ın tasarımcının ulaşım, diğer dünyalara açılan portallar ve yeni başlangıçlar keşfetmesinde mükemmel bir rol oynayan başyapıtı Axe Majeur'unda sahneledi.",Moda
"Moda ve tasarım serüveninde 30 yılı geride bırakan Özlem Süer, 2021 İlkbahar – Yaz gelinlik koleksiyonu içinde yer alan FLU koleksiyonunu düzenlenen toplantıda tanıttı.",Moda
"Ayaklarımızın ayakkabıları özlediğini itiraf edelim. Gardıroplarımızdaki en şık parçaları ihmal etmekle geçen oldukça uzun bir sürenin ardından, ister en sevdiğiniz renkli topuklu ayakkabıların tozunu atmak ister sepetinize birkaç yenisini eklemek olsun, taze stilleri yeniden benimsemeye başlamak iyi hissettiriyor. Öyleyse bu yaz herkesin ayağında göreceğimiz 2021 ayakkabı trendlerine göz atalım! İşte yaza damga vuracak 2021 yaz ayakkabı trendleri... - PEMBENAR ÖZEL",Moda
"Yaz ruhunu yansıtan birbirinden şık çantaların da zamanı geldi. Üstelik kısıtlamaların biraz olsun azalmasıyla artık çanta taşımak için bir sebebimiz var. Öyleyse gelin, bu yazın en popüler 4 çanta trendine göz atalım! - PEMBENAR ÖZEL",Moda
Uzunca bir pandemi sürecinin ardından hepimizin biraz pozitif enerjiye ve neşeye ihtiyacımız var. İlkbahar/Yaz 2021 koleksiyonları ve satın aldıklarımız da bunu kanıtlıyor. Odağımızdaki pozitif renk ise parlak pembe. - PEMBENAR ÖZEL,Moda
"Bir zaman kapsülünden çıkmış gibi görünen gökkuşağı renklerine ve maksimal baskılara hazır olun! 2021 trendleri, hem moda hem de ev dekorasyonunda 60'lar ve 70'ler stiline ikinci bir hayat veriyor! Nostaljiyi kucaklamaya ve 60'ların ve 70'lerin modasına bir şans daha vermeye hazırsanız işte 2021 yazının geri getirdiği 9 retro trend... - PEMBENAR ÖZEL",Moda
"Aynı anda zahmetsizce havalı, rahat ve sofistike. NYC kızları, ihtiyaç duyduğumuzu asla bilmediğimiz, kalabalığın arasından sıyrılmamız ve aynı zamanda rahat ve pratik olabilmemiz için bize tüm temel stil kurallarını öğreten asi ablalarımız gibi. Bu havalı stillerinin en önemli sırrı ise özgüven. İşte New York kızlarından öğrenebileceğiniz 10 stil ipucu! - PEMBENAR ÖZEL",Moda
"Mehtap Elaidi, Fashion Week Istanbul (FWI) kapsamında 15 Nisan Perşembe günü Sonbahar/Kış 2021 koleksiyon filmini Fashionweek.istanbul adresinde sundu.",Moda
"Tasarımcı Murat Aytulum’un 30 çok özel parçadan oluşan vegan ve yıkanabilir koleksiyonu ‘Self Discipline’, 15 Nisan Perşembe günü, Fashion Week Istanbul internet sitesi ve sosyal medya hesapları üzerinden yapılan dijital yayınla izleyicilerle buluştu.",Moda
"Meltem Özbek Sonbahar/Kış 2021 koleksiyonunu, dijital platformlar üzerinden gerçekleşen Fashion Week Istanbul kapsamında 14 Nisan Çarşamba günü sundu. 13-16 Nisan tarihleri arasında tamamen dijital platformlarda gerçekleşen Fashion Week Istanbul kapsamında, Meltem Özbek Sonbahar/Kış 2021 koleksiyon filmi fashionweek.istanbul adresinde yayınlandı.",Moda
"Şansım Adalı markası Sudi Etuz’un SK21 koleksiyonunun defilesini, dijital olarak gerçekleşen Fashion Week Istanbul kapsamında, 14 Nisan Çarşamba günü sundu. Koleksiyon Asya florasına, Türk mitolojisine ve “Arcade” oyun dünyasına digital bir övgü niteliği taşıyor. Moda distopyası ile Şansım, SK21 Koleksiyonu ile bizi bir “underground arcade” yolculuğuna çıkarıyor. Zihnimizi siber oyun dünyasına taşırken, renkleriyle bizi dijital gerçekliğe götürüyor.",Moda
"Fashion Week Istanbul ikinci günü Nej defilesi ile açıldı. Nej, “Circle” koleksiyonu ile yaşam ağacının köklerinden gezegenin yeniden doğuşunu anlatıyor.",Moda
"Lug Von Siga SS 2021 koleksiyonunu, dijital platformlar üzerinden gerçekleşen Fashion Week Istanbul kapsamında 13 Nisan Salı günü sundu.",Moda
"Ceren Ocak Sonbahar/Kış 2021 koleksiyonunu, dijital platformlar üzerinden gerçekleşen Fashion Week Istanbul kapsamında 13 Nisan Salı günü 12:30’da sundu.",Moda
"Niyazi Erdoğan’ın 2021 Sonbahar/Kış koleksiyonu, geçmiş sezonlarda olduğu gibi lokal değerlere atıfta bulunarak, bu kez “İstikbali göklerde arayan” Baştayyareci Vecihi Hürkuş’tan ilham alıyor. Tasarımcının Fashion Week Istanbul (FWI) kapsamında hazırladığı koleksiyon, Türk havacılık tarihinin bu özel kahramanına da bir saygı duruşu niteliğinde.",Moda
2021 BAFTA Ödülleri -veya 74. İngiliz Akademi Film Ödülleri- dün gece Londra'daki Royal Albert Hall'da seyircisiz olarak düzenlenen törenle sahiplerini buldu. Sadece ödül sunanların fiziksel olarak katıldığı törende adaylar ve kazananlar video ile bağlansa da kırmızı halı her zamanki ihtişamını korudu. İşte geceden en dikkat çekici kırmızı halı görünümleri! - PEMBENAR ÖZEL,Moda
"Bu sezon 13-16 Nisan tarihleri arasında dijital olarak gerçekleşecek Fashion Week Istanbul, modanın görsel sanatla buluştuğu kısa filmlerle sınırları aşmaya ve tüm dünya ile buluşmaya hazır. İstanbul’un evrensel ve birleştirici yönünden ilham alarak çok sesli bir atmosferle karşımıza çıkacak olan Fashion Week Istanbul, kapsayıcılığı ile yaratıcı dünyanın buluşma noktası olacak.",Moda
"Mikro çantaların ve bagetlerin hüküm sürdüğü bir dönem vardı ancak bu pandemiden önceydi. Ancak bu yıl yavaş yavaş evimizden dışarı çıkarken devasa çantaları da beraberimizde taşıyacağız. Ne de olsa artık dezenfektanlar, maskeler, vitaminler gibi yanımızda taşımamız gereken daha fazla şey var. - PEMBENAR ÖZEL",Moda
"Hem tarzı hem de güzelliği ile beğenileri toplayan influencer Sibil Çetinkaya, moda anlayışı hakkında merak edilen soruları cevapladı. İşte Sibil Çetinkaya'nın olmazsa olmazları...",Moda
"Moda tarihinin en iyi trendlerinden bazıları gibi bu yazın trendi de moda severleri ikiye bölecek. Başlangıçta dantele ucuz bir alternatif olarak kabul edilen tığ işi, II.Dünya Savaşı sırasında değerli bir onarma tekniği olarak karşımıza çıktı. 1960'lı yıllar moda dünyasında ise kendi başına bir hayat kurdu. İşte bu yazın ''Büyükanne'' trendi hakkında her şey...",Moda
"Trendler sadece size yol göstermek için varlar. Tek sezonluk, alışılmadık ve güncel bir şeyi tercih etmek yerine, kişisel tarzınızı tamamlayan zamansız parçalara yatırım yapmak vicdanınız ve cüzdanınız için çok daha iyidir. Bu yüzden kendinize özel bahar kapsül gardırobunuzu oluşturmanız için bir rehber hazırladık. - PEMBENAR ÖZEL",Moda
"Louis Vuitton Sonbahar/Kış 2021 koleksiyonu dün Paris Moda Haftası kapsamında sergilenirken Louis Vuitton, son iş birliği ile ünlü İtalyan artistik tasarım atölyesi Fornasetti’nin eşsiz yaratıcı dünyasını keşfe çıkıyor.",Moda
"Markanın Artistik Direktörü Virginie Viard, yıllar sonra Chanel şovunu Grand Palais dışına taşıdı. 70'lerin Parizyen şıklığını kayak ruhuyla birleştirdiği Chanel Sonbahar/Kış 2021 koleksiyonunu efsanevi Castel gece kulübünde sergiledi. - PEMBENAR ÖZEL",Moda
"""Güzel ve Çirkin""den ""Alice Harikalar Diyarı'nda""ya, Maria Grazia Chiuri Dior Sonbahar/Kış 2021 hazır giyim koleksiyonu için peri masallarının dünyasını yeniden keşfediyor. Bir semboller ağı olan bu fantezi dünyaları, bir kaçış yolu olmaktan öte, stereotiplerin ötesinde sorgulamaya ve meydan okumaya hizmet ediyor. - PEMBENAR ÖZEL",Moda
"Versace, Sonbahar/Kış 2021 defilesini her zamanki gibi Milan Moda Haftası kapsamında sergilemek yerine üç gün sonra gerçekleştirdi. Geçtiğimiz günlerde gerçekleşen defile, yeni sezonun trendlerine dair ipuçları verdi. Biz de sanal defileden dikkat çekici satır başlarını bir araya getirdik. - PEMBENAR ÖZEL",Moda
"Missoni ve Fendi defileleriyle açılan Milan Moda Haftası, Kovid-19 salgını nedeniyle bir kez daha uğultulu podyumlarda dijital sunumlarla gerçekleşti. İşte Sonbahar/Kış 2021-22 Milan Moda Haftası'ndan akılda kalan notlar... - PEMBENAR ÖZEL",Moda
"2021 İlkbahar/Yaz koleksiyonlarını incelerken yaratıldıkları dünyayı ve tasarımcıların ruh hallerini iyi analiz etmek gerekiyor. 2021'in trendlerini pandemi şartlarının oluşturduğu bir gerçek. 2020 boyunca deneyimlediğimiz kaygılarımız, bireysel konfor alanımız, çeşitli fantezilerimiz, özgürlük arzumuz ve daha birçok faktör 2021 İlkbahar/Yaz trendlerini oluşturdu. Sezonun trendlerini incelerken pandeminin moda tasarımcıların yaratıcı zekalarında nasıl şekil aldığını ve dışavurumlarını göreceğiz. - Duygu Bay / PembeNar Özel",Moda
"2021'in Altın Küre Ödülleri pandemi gölgesinde sahiplerini bulurken ödüller canlı bağlantılarla dağıtıldı. Yeni normalin yeni nesil töreni ""sanal kırmızı halı""sıyla da göz kamaştırdı. İşte 78. Altın Küre Ödülleri'nin kırmızı halısının en iyi stilleri... - PEMBENAR ÖZEL",Moda
"Sosyal medyanın hayatımızın çok büyük bir parçası olmasıyla birlikte e-ticaretin de elini güçlendiren en büyük medya organı sosyal medya kanalları oldu diyebiliriz. Alışveriş ve tüketici alışkanlıklarının da değişmesinde büyük rol oynayan e-ticaret rotasının bu değişimi, birçok yeni markanın da büyümesinde ve ürünlerinin dolabımızda yer almasını sağladı.",Moda
"Paris Moda Haftası kapsamında gerçekleşen Fendi İlkbahar 2021 Haute Couture defilesinde gözlerimizi alamadığımız büyük sallantılı küpeler, önümüzdeki ilkbahar/yaz sezonu için gösterişli bir trendin sinyalini verdi.",Moda
"İlkbahar 2021 Couture sunumlarının pandemi gölgesinde gerçekleşmesi modaseverler için üzücü olsa da, geçtiğimiz yılın etkileri kreatif direktörlerin duygu dünyaları ve kreatif zekalarıyla birleşince ortaya giyilebilir sanat eserleriyle dolu bir moda haftası çıktığını söylemezsek olmaz. Geçtiğimiz yılın kaçınılmaz içe dönüşü, İlkbahar 2021 Couture koleksiyonlarında sınırsızlık ve zamansızlık temalarını öne çıkarıyor. - Duygu Bay / PembeNar Özel",Moda
"Gönüllerin kraliçesi Cambridge Düşesi Catherine, veya onu tanıdığımız ismiyle Kate Middleton, pandemi süresince resmi kraliyet görevlerini sürdürürken sonbahar-kış sezonuna damga vuran zamansız kombinleriyle şimdiden tarihin henüz tozlanmamış sayfalarında yerini aldı. Eminiz ki bundan yıllar sonra bile bu fotoğraflara dönüp bakacak ve ilham alacağız. Öyleyse gelin Kate'in bu kış kaban stilinize ilham verecek 5 ikonik görünümüne yakından bakalım.",Moda
"Dramatik fiyonk trendi birkaç aydır podyumları, koleksiyonları ve Instagram zaman tünelinizi ele geçirdiyse biliyorsunuz ki gardırobunuza fiyonk eklemenin zamanı geldi ve geçiyor bile. Fiyonk trendini en iyi nasıl kullanabileceğinize dair ilhama ihtiyacınız varsa galerimize göz atın! - PEMBENAR ÖZEL",Moda
"2021'de desenli giymek söz konusu olduğunda doğru ya da yanlış yok. Belirli bir desen demode değil ve günlük gardırobunuzu her türlü motifle canlandırmakta özgürsünüz. Rengarenk desenleri gardırobunuza adapte etmek için baharı beklemek zorunda değilsiniz. Aslına bakarsanız tasarımcıların ve mağazaların ""neşeli moda"" kavramını destekledikleri, karanlık günleri ve alıştığımız kasvetli kıyafetleri aydınlatmaya yardımcı olacak bir dizi fikir sunduğu bir zamanlardayız. Haydi şimdi gardırobunuza ve hayatınıza canlılık ve neşe katacak desenlere bir göz atalım.",Moda
"Soğuk havalar yaklaştığında kesinleşen 3 şey vardır: Güneşten önce uyanacağız, sıcak bir şöminenin önünde keyif yapmak isteyeceğiz ve vazgeçilmeyen kış renklerine bürüneceğiz! İşte her kış sezonunda mutlaka karşımıza çıkan ve soğuk kış aylarında içimizi ısıtan o renkler... PEMBENAR ÖZEL",Moda
"İster erkek arkadaşınız tarafından size sunulan bir nişan yüzüğü veya önemli bir olayı hatırlamak için kendinize aldığınız zarif bir parça olsun, hiçbir şey hayatın en tatlı anlarını güzel mücevherler gibi ifade edemez. Ancak tasarımcılara ait kıyafet ya da çantalar gibi, bir şeyin pahalı olması mutlaka zengin görüneceği anlamına gelmez. İşte mücevherlerinize gerçek zenginliği katmanın yolları... PEMBENAR ÖZEL",Moda
"Hayatımızı alt üst eden, bizleri evlere hapseden ve bir an önce bitmesini istediğimiz 2020’yi uğurlayıp 2021’i karşılamaya hazırlanırken her zamankinden daha fazla heyecanlıyız. Bu süreçte eski eşyalardan kurtulmak, hiç kullanmadığınız eşyaların işgal ettiği gardıroplarınızı ferahlatmak size de iyi gelecek. Peki, bunu nasıl yapacaksınız? Stil Danışmanı Atilla Mutlu’nun “gardırop detoksu” ile ilgili önerilerine kulak verin",Moda
"Saç aksesuarları, şüphesiz son birkaç yıldır moda trendlerine oldukça hakim. Süreçlerin evden yürütüldüğü bu dönemde yapılan çevrim içi görüşmelerde hepimiz iyi gözükmek istiyoruz! Daha iyi ve tarz gözükmek için saç aksesuarları en kolay yöntemlerden biri haline geliyor. İşte sizi tamamen başka bir havaya sokacak en trend saç aksesuarları... PEMBENAR ÖZEL",Moda
"Maria Grazia Chiuri, Dior Sonbahar 2021 koleksiyonunda olağanüstü işçiliğin getirdiği zenginlikle enerjiyi ve yaşama sevincini kutluyor.",Moda
"Pantone ve Shutterstock tarafından açıklanan yılın renk trendleri umut, optimizm ve yenilenme hissi aşılıyor. İşte bütün yıl modada, makyajda, dekorasyonda ve hayatımızın her alanında öne çıkması beklenen 2021 renk trendleri...",Moda
2021'in başlıca trendlerini zaten her yerde görüyorsunuz ve eminiz aylarca nereye baksanız onları göreceksiniz. Alternatif stilleri tercih edenler ve makrotrendlerden sıkılanlar için şık görünmenin yolu mikrotrendlerden geçiyor. İşte 2021'e sessiz ve derinden damgasını vuracak mikrotrendler... - PEMBENAR ÖZEL,Moda
The Queen's Gambit yılın en konuşulan dizileri arasında yerini alırken dizinin Anya Taylor-Joy tarafından canlandırılan ana karakteri Beth Harmon'un stili de akıllara kazındı. Biz de Beth Harmon'un tarzını mercek altına alarak öne çıkan 7 trendi sizler için sıraladık. Hemen denemeli!,Moda
"Sezonun belki de en beklenmedik trendlerinden bir tanesi sizi 90'lara, Friends anılarınıza götürecek. Chandler Bing'in meşhur yelek ve süveterleri -elbette daha modern versiyonlarıyla- neredeyse 30 yıl sonra geri dönüş yapıyor. - PEMBENAR ÖZEL",Moda
"2021'in çanta trendlerini, çantanın olmazsa olmazlarını, marka hikayesini ve çok daha fazlasını tasarımcı Nilüfer Demirci ile konuştuk.",Moda
"Louis Vuitton 2020 Sonbahar-Kış sezonunda, çarpıcı, gündelik ve şehirli tasarımları, ‘’boyish’’ bir tavırla harmanlayarak, yüksek modanın genel geçer kurallarına aykırı bir ayakkabı koleksiyonuyla karşımıza çıkıyor.",Moda
Fark ettiniz mi bilmiyoruz bu sonbahar bir jean klasiği sayılan skinny jeanler pek ortada görünmüyor. Peki yerini neye bıraktı dersiniz? Görünen o ki bol paçalara... - PembeNar Özel,Moda
"""Bunu en son ne zaman giymiştim?"", ""Bunun modası geçti mi?"", ""Bunu satın almaya değer mi?"" gibi düşüncelerinizden sizi kurtaracak bir kapsül gardırop hazırlayarak bir değil birkaç kışı kurtarabilirsiniz. Böylece hem hazırlanırken kendinize ekstra zaman yaratmış olursunuz, hem de israfı önleyerek doğaya ve banka hesabınıza büyük bir iyilik yapmış olursunuz. İşte sonbahar/kış gardırobunuzda mutlaka olması gereken, sizi asla yarı yolda bırakmayacak ve satın aldığınıza pişman etmeyecek 10 kurtarıcı parça! / Duygu Bay - PembeNar Özel",Moda
2016 yılından beri tekstil sektöründe yer alan Gökçe Kömürcü Satı MBFWİ New Gen 2019 defilesinde oldukça ilgi toplayan çerçeve çantalarından sonra rotasını çanta tasarımına çevirdi.,Moda
"Ceren Ocak İlkbahar/Yaz 2021 koleksiyonunu, uluslararası dijital platformlar üzerinden gerçekleşen Mercedes-Benz Fashion Week Istanbul kapsamında 16 Ekim Cuma günü sundu.",Moda
"Özgür Masur, Mercedes-Benz Fashion Week Istanbul kapsamında 15 Ekim Perşembe günü İlkbahar/Yaz 2021 koleksiyonu defilesini geçekleştirdi. İlkbahar/Yaz 2021 hazır giyim koleksiyonunu markasının DNA’sında bulunan kadın silüetlerini birleştirdiği ışıltılı siluetlerle sunan Özgür Masur, pret-a-couture çizgisinde ilerlemeye devam ediyor.",Moda
"İlk dijital Mercedes-Benz Fashion Week Istanbul'un dördüncü gününde MBFWI izleyicileri www.mbfwistanbul.com adresinde sırasıyla Mert Erkan, Nihan Peker, Raşit Bağzıbağlı, Simay Bülbül, Özlem Kaya ve Özgür Masur'un koleksiyonlarını keşfetme fırsatı buldular.",Moda
Mercedes-Benz Fashion Week Istanbul'un tamamen dijital olarak gerçekleştirilen 15. sezonunda dördüncü günü de geride bıraktık. İşte beşinci günün programı!,Moda
"Mercedes-Benz Fashion Week Istanbul'un ilk sezonundan beri, desteklemek üzere seçtiği bir tasarımcının koleksiyonunu kendi ismiyle sunan Mercedes-Benz, bu sezon Türk moda tasarımının tecrübeli isimlerinden Özlem Süer'in meslek hayatındaki 30. yılını kutladı ve başarılı tasarımcının İlkbahar/Yaz 2021 koleksiyonunu ""Mercedes-Benz presents Özlem Süer"" ismiyle sundu.",Moda
"Mehtap Elaidi, Mercedes-Benz Fashion Week Istanbul kapsamında 14 Ekim Çarşamba günü İlkbahar/Yaz 2021 koleksiyonu defilesini geçekleştirdi.",Moda
"Emre Erdemoğlu, AW/21 koleksiyonu ""Beni Bağrına Bas""ı Mercedes-Benz Fashion Week Istanbul kapsamında modaseverlere sundu. Defilenin sürprizi ise podyumda yürüyen Murat Dalkılıç oldu.",Moda
"“Görseli öne çıkaran bir bağlamda kelimelerin değerini yeniden keşfetmek, her bir kelimenin grafik formuyla ve tasarımıyla yaratıma yardımcı olabilir.”",Moda
Mercedes Benz Fashion Week Istanbul Digital bugün başlıyor!,Moda
"Son birkaç yıl, bizi büyük beden jumper'ın tüm ihtişamıyla baş başa bıraktı. Görmeye alıştığımız oversize parçalar gün geçtikçe renklenip, çeşitlendi. Peki Ekim ayında bizi neler bekliyor? İşte moda severler için kombin önerileri...",Moda
Instagram'da takip ettiğimiz 'Les Françaises' moda ikonları bize ilham vermeye devam ediyor. Peki kış sezonu yaklaşırken; güzel ve tarz Fransız kadınlarından neler öğrenebiliriz? İşte Fransız kadınlarının vazgeçemediği 5 moda trendi...,Moda
"Deneyimlerimize göre; karar vermesi saniyeler süren, ancak yine de tüm dikkatleri çekmeye devam eden hızlı ve uygun eşleştirmeler yapmak kış sezonunda şık olmanın anahtar noktasıdır. İşte siz 30 saniyede şık bir görünüme kavuşturacak o parçalar...",Moda
"Türkiye’nin ilk uluslararası e-ticaret ve online giyim platformu Modanisa'nın kendi markası Tuva, tüm dünyadan kadınların günümüz modasındaki ihtiyacını ve farklı stillerini dikkate alan, özel tasarım bir maske koleksiyonu hazırladı",Moda
"Sonbahar her zaman düşen yaprakların rengarenk gölgeleriyle özetlenecek. Turuncu, kahverengi ve sarının sıcak doğal tonlarından; bej, krem ve lacivertin asil vurgularına kadar birçok renk dolabımıza hakim olmaya hazırlanıyor. İşte zaman geçse de, modası geçmeyen o sonbahar renkleri...",Moda
"Sonbahar aylarında en çok giydiğimiz parçalardan biri kalın tabanlı botlar! Sürekli büyüyen ve gelişen ceket koleksiyonlarının aksine, bu kış her kombininize yakışacak mükemmel bir bota sahip olmanız; işleri sizin için kolaylaştıracak! İşte bu kışın en trend parçası...",Moda
"DYO’nun, AURA İSTANBUL (İstanbul Mimarlık ve Şehircilik Araştırmaları Akademisi) işbirliği ile gerçekleştirdiği, Türkiye’nin Renkleri ile “Renkli DYOloglar” söyleşi serisinin sekizincisi yapıldı. Farklı disiplinlerden isimlerin bir araya geldiği söyleşi serisinin bu haftaki konukları, Moda Tasarımcısı Arzu Kaprol ve Mimar-Tasarımcı Şebnem Buhara’ydı. Söyleşi, 23 Temmuz tarihinde DYO Boya’nın YouTube hesabından canlı yayımlandı.",Moda
"Gelinlik giymek, her kadının hayali. Kadınların hayallerini süsleyen gelinlik modellerini Türkiye ve tüm dünyaya tasarlayan Nova Sposa, tasarımlarını geleneksel köklerinden kopmadan bugüne adapte ediyor",Moda
"Bu yaz diğer tüm yazlara kıyasla farklı bir yaz yaşıyoruz. Ancak sosyal hayatın kısıtlanması, modanın önüne geçemiyor. Moda hala büyüyüp gelişmeye, bizi kendine hayran bırakmaya devam ediyor! Peki bu yaz, olağanüstü şartlara rağmen; neler trend olacak? İşte detaylar...",Moda
"Les Benjamins, pamuklu yıkanabilir yeni yüz koruma tasarımlarını sundu.",Moda
"Nocturne, İlkbahar/Yaz 2020 kampanyasıyla yeni sezona iddialı ve cesur bir giriş yapıyor. Başarılı ve güzel oyuncu Hande Erçel, marka yüzü olduğu koleksiyonda, güçlü, zarif ve gösterişli bir silüet sergiliyor.",Moda
"Yaz yaklaşırken, gardırobunuzda ihmal edilmiş parçaları tekrar giymeye başlamayı öncelikli hale getirebilirsiniz. Artık renk modasının geçtiğini düşünseniz bile... Moda dünyasının birçok üyesi yaz aylarında dolaplarını değiştirmeye başladığından renklerden ilham almak için çok fazla araştırma yapmanıza gerek yok. Çarpıcı turuncu ve yatıştırıcı krem ya da parlak pembe ve aqua... Bu yaz sokaklar rengarenk olacak!",Moda
"Yeni bir kıyafet için alışverişe çıktığınızda; bu öğeyi kaç kez kullanabileceğinizi, dolabınızdaki kıyafetlerin geri kalanıyla uyumunu ve tüm yıl boyunca giyilebilecek kadar çok yönlü olup olmadığını mutlaka düşünün. Aynı parçayı dört farklı şekilde nasıl şekillendirebileceğinizi görmek için okumaya devam edin...",Moda
"Evden çalışmanın güzelliği, sabahları kendinize biraz daha fazla zaman ayırabilmenizdir. Ancak, işe gidip gelmek yerine giyinmek için fazladan zamanınız olması, bir görünümü sihirli bir şekle sokmayı daha kolay hale gelmez. Şık, lüks ve ruh halini yükselten parçalara sahip bir kombin nasıl inşa edilir? Kimse video konferans aracılığıyla tam olarak göremeyecek olsa da, yeni fildişi bluzunuzu doğru kombinlemek istemez misiniz? Sizin için küçük bir araştırma yaptık ve burcunuza göre giyinmenin; ev halinize ne kadar etki edebileceğini gördük.",Moda
"Tarzınızı bir kenara atın ve kendinize modanın sokaklarında çılgınca koşmak için izin verin! Güzel şeylere bakmanın verdiği o hoş rahatlığı, aksesuarlarınıza taşıyın. Bu sezon aksesuarlarınız ile tarzınızı tekrar belirleyin. İşte sezona damga vuracak aksesuar modelleri...",Moda
"Yeni corona virüs, yaşama şeklimizi değiştiren küresel bir pandemi haline geldi. Federal ve yerel yetkililer vatandaşlarını kendi karantinalarını oluşturmaya ve evde kalmaya çağırdı. Vaka sayısı artış gösterirken; moda ve güzellik şirketleri de corona virüs mücadelesine destekte bulundu.",Moda
İlham alınan bir diğer klasik ise 'baba' sandaletleri oldu. Çoğu kişinin kullanmaya cesaret edemediği bu ayakkabılar; aslında oldukça kibar ve şık olabiliyor!,Moda
"Yaz sezonu, şimdiden bizi umutlandırıp; heyecanlandırmaya başladı bile! Ve bu yıl, bu her zamankinden daha heyecanlıyız. Önümüzdeki güzel yaz için dolaplarınızı planlamaya ne dersiniz?",Moda
"Tulumlar gerçekten giyilmesi oldukça kolay parçalar. Yine de giymesi cesaret getiren bu parça, moda ikonları için ayrılmış olmaktan çıkıp, herkese hitap etmeye başladı.",Moda
2020 yaz sezonunda modayı plajda da sürdürmenizi sağlayacak mayo ve bikini trendlerini sizin için inceledik.,Moda
"Covid-19'un istikrarlı bir şekilde yükselmesine yanıt olarak; hepimiz evlerimizde kendimizi koruma altına aldık. Ancak evlerimizde olmamız, hayatımızın tamamen değişeceğine ve günlük zevk ve davranışlarımızdan uzaklaşacağımız anlamına gelmiyor. Hem rutini sürdürmek hem de modunuzu korumak ve yükseltmek için kıyafetlerinizi kullanabileceğinizi biliyor muydunuz?",Moda
"Evde geçirdiğiniz süreyi; sabahları konfordan ödün vermeden ""hala giyinmek"" çabasıyla özelleştirmek isteyebilirsiniz. İşte bu noktada sizi hem rahat ettirecek hem de şık bir görünüm kazandıracak bu ayakkabı modelleri yardımınıza koşuyor...",Moda
"Birçoğumuz şu anda evde normalde olduğundan çok daha fazla zaman geçirirken, sabahları tamamen giyinmeme alışkanlığına düşmek çok kolay olabilir. Ev hayatı genellikle en rahat olanı giymek etrafında döner. Ancak, evde zaman geçiriyor olmanız, kendinizi en iyi hissetmenizi sağlayacak kıyafetleri giymeyi bırakmanız gerektiği anlamına gelmez.",Moda
Giyinmeyi mümkün olduğunca kolaylaştırmayı seviyoruz. Sadece bir ceket ve kot pantolon ile şık gözükmek istemez misiniz? Şık ve ulaşılabilir ceket ve kot kombini koleksiyonunu görmek için okumaya devam edin.,Moda
"2019 yılının sonuna doğru, 2020 modasının ve 2019 yılının son aylarında 'stil' kelimesi rahatlık üzerine inşa edildi. Elbise veya etek-jumper kombinasyonu ya da rahat tayt kombinleri... Rahat olabilirler, ama onları her gün giymek, tarzınızı kaybetmiş gibi hissettirebilir. İlkbahar gardırobunuzda ihtiyacınız olan ilham verici görünümleri sizin için derledik.",Moda
"Corona virus'ten en çok etkilenen ülkelerden biri olan İtalya için, İtalyan moda bloggerı Chiara Ferragni ve şarkıcı eşi Fedez, virüs ile mücadele konusunda hastaneler için bağış kampanyası başlattı.",Moda
"Ünlü model Elsa Hosk, corona virüs nedeniyle kendini korumaya alan ünlüler arasına adını yazdırdı.",Moda
"Alessandra Ambrosio’nun podyuma çıkacağı Dosso Dossi Fashion Show, corona virüs pandemisi nedeniyle iptal edildi.",Moda
"Fransa’da yayılan coronavirüs salgını nedeniyle LVMH grup; hidroalkolik jel eksikliği riski göz önüne alarak Christian Dior, Givenchy ve Guerlain gibi büyük markaların dezenfektan üretmesine karar verdi.",Moda
"MET Gala'ya ev sahipliği yapan Anna Wintour, gecenin süresiz olarak ertelendiğini duyurdu.",Moda
"Deri sandaletler, iki ince bantlı zarif topuklular ya da plajların vazgeçilmezi 'flip-flop' terlikler... Bu sezon hepsini unutun! Sabit kalan sandalet trendlerini bize unutturan kare burun sandaletleri; artık daha fazla göreceğiz!",Moda
"Bu ara sezondan en iyi ve en kolay şekilde yararlanmak için; hava hala yaz aylarına kıyasla biraz daha soğukken, ancak günler giderek daha parlak hale gelip uzarken bot ve elbise kombinlerinden faydalanıyoruz. Kolay yoldan şıklık elde etmenizi sağlayan bu ikili için birkaç kombin önerisi hazırladık...",Moda
2020 modasına Mart ayından giriş yapan ve şimdiden kült sayılabilecek parçaların listesini sizin için derledik. İşte sosyal medyada sürekli karşınıza çıkan o trend parçalar ve kombin önerileri...,Moda
Ünlü model Rosie'nin kombinlerini gösterdiği ayna selfieleri aldı başını gidiyor! İşte Rosie'nin sihirli aynasının karşısında sergilediği stili...,Moda
"Bazen yapacağımız küçük değişiklikler kıyafetlerimizde büyük bir fark yaratabilir. Gardırobunuzun kapılarını açıp; farklı ve çatışan renklerde kombinler yapın! İşte klasik renk kombinasyonlarından havadar pastellere kadar, kombinlerinizde deneysel olmanız için size ilham verecek renk ve tonları...",Moda
"Düğmeli gömlekler, V yaka kazaklar, ekose etekler ve elbette diz boyu çoraplar... Okul modası, hayatımızı hiç terk etmiyor! Dünyaca ünlü moda evlerinin koleksiyonlarında yer verdiği tasarımlar, okul yıllarına gönderme yapıyor.",Moda
"“Görünür kalın!'' 55 yaşındaki Grece Ghanem'in hayatının mottosu. Ghanem, binleri etkileyen tarzını ''Yok olmam gerekmiyor” çerçevesi etrafında şekillendiriyor.",Moda
"Kış aylarının iç karartıcı havalarını geride bırakırken, gardırobumuzun yıldız parçası elbiseler tekrar gün yüzüne çıkıyor. Peki 2020 yılında elbise trendlerini neler bekliyor?",Moda
"Les Benjamins kadın koleksiyonu baş tasarımcısı Lamia Al Otaishan Aydın, İlkbahar Yaz 2020 kadın koleksiyonunda dikkat çeken ayakkabı ve çanta tasarımlarında doğanın özü ve gücünden ilham alıyor. Lamia Al Otaishan Aydın ve Sedef Gali’nin yakın arkadaşlıkları ise ikonik bir iş birliğine dönüşüyor...",Moda
"Bu yıl birden fazla davete katılacaksanız ellerinizi kaldırın! Yeni trendlere uygun şık elbiseler, muhteşem ayakkabılar ve nefes kesen aksesuarlar... Bu yaz davetlerde siz konuşulacaksınız!",Moda
"Kanadalı komedyen Howie Mandel, geçtiğimiz gün Coronavirus'e karşı aldığı önlem ile oldukça paniğe kapılmış gözüküyordu.",Moda
"Birçok kadın bir bikinide aradığı konforu ve estetiği bulmak için oldukça çaba gösteriyor. Ancak bikini modelleri, çoğu zaman her bedene hitap etmiyor. Bu yeni trend; kadınlar için hem konfor hem de şıklığı bir arada sunuyor...",Moda
"Kanadalı şarkıcı Celine Dion senelerdir sesi ile kitleleri büyülemeye devam ediyor. Ancak Celine Dion, kendine müzikten başka bir profesyonellik alanı daha yarattı: Moda! İşte adeta bir stil ikonu haline dönüşen Celine Dion'un benzersiz tarzı...",Moda
"Bahar ayları, ayakkabı dolabınızı yeniden değerlendirmek için yılın en cazip zamanı gibi görünmeyebilir ancak deneyimlerimize göre, kışın boğucu katmanlarından kurtulmak ve kendimizi sıcak ayların sunduğu daha geniş seçeneklere açmak için mükemmel bir fırsat! İşte trend olmanızı sağlayacak o ayakkabı modelleri...",Moda
"İster sadık bir skinny-jeans sevdalısı ya da 'mom-jean' bağımlısı bir moda sever olun; kot pantolon, çoğumuz için dolaplarımızın can damarıdır. Topuklu ve güzel bir top ile veya beyaz tişört ve botlarla giyilebilen, sahip olduğumuz çok yönlü bu parçaya 2020 yılı nasıl yön verecek dersiniz? İşte 2020 jean trendleri...",Moda
"Son birkaç ayı yün ve deri katmanlarının altına saklarken geçirirken, ilkbahar belirtilerinin kendini göstermesi bir gardırop vardiyası yarattı. İşte bu sezon kullanabileceğiniz o elbise trendleri...",Moda
Paris Moda Haftası yaşanan tüm olumsuz koşullara rağmen hız kesmeden devam ediyor. Geçtiğimiz gün Paris Moda Haftası'nda bütün gözler Givenchy defilesine çevrildi. İşte defilenin detayları...,Moda
Christian Louboutin L’Exhibition[niste] sergisi sanat ve moda dünyasının katıldığı büyük bir davetle açıldı.,Moda
16-20 Mart tarihleri arasında gerçekleştirilmesi planlanan Mercedes-Benz Fashion Week Istanbul ertelendi.,Moda
"Virgil Abloh, geçen sezon biraz ara verdikten sonra kadın modasına tekrar el attı. Off-White aracılığıyla yeni kazandığı liderlik pozisyonu ve edindiği geniş hayran kitlesi ile daha da sağlam bir şekilde geri dönen Abloh'a, bu koleksiyonda Hadid kadınları eşlik etti.",Moda
"Bohem estetiğin tanrıçası olarak tanınan Isabel Marant, Paris Moda Haftası'nda minimalizm rüzgarı estirdi. İşte Isabel Marant Fall 2020 koleksiyonu...",Moda
Yeni sezon yaklaşırken yeni bir gardırop heyecanı hepimizi sarsa da asıl heyecan verecek olan saç aksesuarları sezona damga vurmaya hazırlanıyor. İşte ikonik birer parçalara dönecek o saç aksesuarları...,Moda
"Son derece stilize edilmiş bu yeni koleksiyon, Ocak ayında Maison Margiela Artisanal şovunu gördüğümüzden beri Galliano'nun neler yaptığını açıkladı.",Moda
Seksi nedir? Thierry Mugler'ın bu konu hakkında çok güçlü ve zamansız fikirleri var...,Moda
"Koronavirüs paniğinin egemen olduğu çalkantılı bir haftasonunun ardından Domenico Dolce ve Stefano Gabbana, Milano Moda Haftası'nı zarafetle bitirdi. Markanın 2020 Kış hazır giyim koleksiyonu, geleneklere selam gönderdi.",Moda

